split,rxn_idx,step_idx_forward,th_status,th_event_types,th_error,mech_smi_min,mech_smi_min_th,target_smiles_for_validation
train,11,2,added_mix,planar_to_tetrahedral,,"C1=CC2=CN=CC=C2C([NH2:1])=C1.O=[N+](O)C1=C(SC2=C(Cl)C=NC=C2Cl)SC([C:2](OC(=NC2CCCCC2)NC2CCCCC2)=[O:3])=C1|(1, 2);((2, 3), 3)","C1=CC2=CN=CC=C2C([NH2:1])=C1.O=[N+](O)C1=C(SC2=C(Cl)C=NC=C2Cl)SC([C:2](OC(=NC2CCCCC2)NC2CCCCC2)=[O:3])=C1|(1, 2);((2, 3), 3)|TH(2,'mix',())",O=[N+](O)C1=C(SC2=C(Cl)C=NC=C2Cl)SC(C([O-])(OC(NC2CCCCC2)=[N:1]C2CCCCC2)[NH+:2](C2=CC=CC3=CN=CC=C32)[H:3])=C1
train,9994,1,added_mix,planar_to_tetrahedral,,"COC(=O)[CH+:1]C.ClC1=CN=C(OC2=CC=C([OH:2])C=C2)C(Cl)=C1|(2, 1)","COC(=O)[CH+:1]C.ClC1=CN=C(OC2=CC=C([OH:2])C=C2)C(Cl)=C1|(2, 1)|TH(1,'mix',())",COC(=O)C(C)[OH+]C1=CC=C(OC2=NC=C(Cl)C=C2Cl)C=C1
train,994,0,added_mix,planar_to_tetrahedral,,"CN1N=C(C2=CC=CS2)C=C1[NH2:1].FC(F)(F)C1=CC=C([C:2](Cl)=[O:3])C=C1|(1, 2);((2, 3), 3)","CN1N=C(C2=CC=CS2)C=C1[NH2:1].FC(F)(F)C1=CC=C([C:2](Cl)=[O:3])C=C1|(1, 2);((2, 3), 3)|TH(2,'mix',())",CN1N=C(C2=CC=CS2)C=C1[NH2+][C:1](C1=CC=C(C(F)(F)F)C=C1)([O-:2])[Cl:3]
train,10007,0,added_mix,planar_to_tetrahedral,,"CC(C)(C)OC(=O)O[C:1](OC(C)(C)C)=[O:2].COC1=CC=C(CC2C3=CC(OC)=C(OC)C=C3SCC[NH:3]2)C=C1OC|(3, 1);((1, 2), 2)","CC(C)(C)OC(=O)O[C:1](OC(C)(C)C)=[O:2].COC1=CC=C(CC2C3=CC(OC)=C(OC)C=C3SCC[NH:3]2)C=C1OC|(3, 1);((1, 2), 2)|TH(1,'mix',())",COC1=CC=C(CC2C3=CC(OC)=C(OC)C=C3SCC[NH+]2[C:1](OC(C)(C)C)([O-:2])[O:3]C(=O)OC(C)(C)C)C=C1OC
train,10006,0,added_mix,planar_to_tetrahedral,,"CC[C:1](C1=NOC(COC2=CC=C(Cl)C=C2Cl)=N1)=[O:2].O[NH2:3].[H+:4]|(3, 1);((1, 2), 4)","CC[C:1](C1=NOC(COC2=CC=C(Cl)C=C2Cl)=N1)=[O:2].O[NH2:3].[H+:4]|(3, 1);((1, 2), 4)|TH(1,'mix',())",CCC(C1=NOC(COC2=CC=C(Cl)C=C2Cl)=N1)([NH+:1](O)[H:2])[OH:3]
train,10021,2,added_mix,planar_to_tetrahedral,,"CC1=NN=C(C2=CC(C3=CC=C([C:1](OC(=NC4CCCCC4)NC4CCCCC4)=[O:2])C=C3)=C(C)C=C2)O1.ClC1=CC=C(C[NH2:3])C=C1|(3, 1);((1, 2), 2)","CC1=NN=C(C2=CC(C3=CC=C([C:1](OC(=NC4CCCCC4)NC4CCCCC4)=[O:2])C=C3)=C(C)C=C2)O1.ClC1=CC=C(C[NH2:3])C=C1|(3, 1);((1, 2), 2)|TH(1,'mix',())",CC1=NN=C(C2=CC(C3=CC=C(C([O-])(OC(NC4CCCCC4)=[N:1]C4CCCCC4)[NH+:2](CC4=CC=C(Cl)C=C4)[H:3])C=C3)=C(C)C=C2)O1
train,10050,2,added_mix,planar_to_tetrahedral,,"CN(C)C1=CC=C([C:1](OC(=NC2CCCCC2)NC2CCCCC2)=[O:2])C2=C1C=CC=C2.COC1=CC=C(C2=NN(C3CC[NH:3]CC3)C(=O)C2(C)C)C=C1OC|(3, 1);((1, 2), 2)","CN(C)C1=CC=C([C:1](OC(=NC2CCCCC2)NC2CCCCC2)=[O:2])C2=C1C=CC=C2.COC1=CC=C(C2=NN(C3CC[NH:3]CC3)C(=O)C2(C)C)C=C1OC|(3, 1);((1, 2), 2)|TH(1,'mix',())",COC1=CC=C(C2=NN(C3CC[N+:1](C([O-])(OC(NC4CCCCC4)=[N:2]C4CCCCC4)C4=CC=C(N(C)C)C5=C4C=CC=C5)([H:3])CC3)C(=O)C2(C)C)C=C1OC
train,10025,0,added_mix,planar_to_tetrahedral,,"C[S:1](C)=[O:2].O=C(Cl)[C:3](Cl)=[O:4]|((1, 2), 3);((3, 4), 4)","C[S:1](C)=[O:2].O=C(Cl)[C:3](Cl)=[O:4]|((1, 2), 3);((3, 4), 4)|TH(3,'mix',())",C[S+](C)O[C:1](C(=O)Cl)([O-:2])[Cl:3]
train,10046,2,added_mix,planar_to_tetrahedral,,"C1=CC(C2([C:1](OC(=NC3CCCCC3)NC3CCCCC3)=[O:2])CCOCC2)=CC=C1OCCCN1CCOCC1.C[NH2:3]|(3, 1);((1, 2), 2)","C1=CC(C2([C:1](OC(=NC3CCCCC3)NC3CCCCC3)=[O:2])CCOCC2)=CC=C1OCCCN1CCOCC1.C[NH2:3]|(3, 1);((1, 2), 2)|TH(1,'mix',())",C[NH+:1](C([O-])(OC(NC1CCCCC1)=[N:2]C1CCCCC1)C1(C2=CC=C(OCCCN3CCOCC3)C=C2)CCOCC1)[H:3]
train,10017,1,added_mix,planar_to_tetrahedral,,"CN1CCC(C2=CC=CC=C2CC2=CC=CC=C2)([O-:1])CC1.Cl[C:2](C1=CC=CC=C1)=[O:3]|(1, 2);((2, 3), 3)","CN1CCC(C2=CC=CC=C2CC2=CC=CC=C2)([O-:1])CC1.Cl[C:2](C1=CC=CC=C1)=[O:3]|(1, 2);((2, 3), 3)|TH(2,'mix',())",CN1CCC(O[C:1](C2=CC=CC=C2)([O-:2])[Cl:3])(C2=CC=CC=C2CC2=CC=CC=C2)CC1
train,10059,2,added_mix,planar_to_tetrahedral,,"COC1=C([C:1](OC(=NC2CCCCC2)NC2CCCCC2)=[O:2])C=CC(F)=C1.O=C1C=C(C2=CC=NC=C2)N=C2C([NH2:3])COCCN12|(3, 1);((1, 2), 2)","COC1=C([C:1](OC(=NC2CCCCC2)NC2CCCCC2)=[O:2])C=CC(F)=C1.O=C1C=C(C2=CC=NC=C2)N=C2C([NH2:3])COCCN12|(3, 1);((1, 2), 2)|TH(1,'mix',())",COC1=C(C([O-])(OC(NC2CCCCC2)=[N:1]C2CCCCC2)[NH+:2](C2COCCN3C(=O)C=C(C4=CC=NC=C4)N=C23)[H:3])C=CC(F)=C1
train,10032,2,added_mix,planar_to_tetrahedral,,"ClCC[OH:1].OC1=CC([C:2](OC(=NC2CCCCC2)NC2CCCCC2)=[O:3])=CC=C1|(1, 2);((2, 3), 3)","ClCC[OH:1].OC1=CC([C:2](OC(=NC2CCCCC2)NC2CCCCC2)=[O:3])=CC=C1|(1, 2);((2, 3), 3)|TH(2,'mix',())",[O-]C(OC(NC1CCCCC1)=[N:1]C1CCCCC1)(C1=CC=CC(O)=C1)[O+:2](CCCl)[H:3]
train,10077,2,added_mix,planar_to_tetrahedral,,"COC(=O)C(P(=O)(OC)OC)[NH2:1].O=C(NCC1=CC=CC(O)=C1)C1=CC=C([C:2](OC(=NC2CCCCC2)NC2CCCCC2)=[O:3])C(Br)=C1|(1, 2);((2, 3), 3)","COC(=O)C(P(=O)(OC)OC)[NH2:1].O=C(NCC1=CC=CC(O)=C1)C1=CC=C([C:2](OC(=NC2CCCCC2)NC2CCCCC2)=[O:3])C(Br)=C1|(1, 2);((2, 3), 3)|TH(2,'mix',())",COC(=O)C(P(=O)(OC)OC)[NH+:1](C([O-])(OC(NC1CCCCC1)=[N:2]C1CCCCC1)C1=CC=C(C(=O)NCC2=CC=CC(O)=C2)C=C1Br)[H:3]
train,10031,0,added_mix,planar_to_tetrahedral,,"C[C:1](C1=CC=CN=C1)=[O:2].O[NH2:3].[H+:4]|(3, 1);((1, 2), 4)","C[C:1](C1=CC=CN=C1)=[O:2].O[NH2:3].[H+:4]|(3, 1);((1, 2), 4)|TH(1,'mix',())",CC(C1=CC=CN=C1)([NH+:1](O)[H:2])[OH:3]
train,1004,1,added_mix,planar_to_tetrahedral,,"C[C:1](Cl)=[O:2].FC(F)(F)COC1(C2=CC([O-:3])=CC=C2)OOC12C1CC3CC(C1)CC2C3|(3, 1);((1, 2), 2)","C[C:1](Cl)=[O:2].FC(F)(F)COC1(C2=CC([O-:3])=CC=C2)OOC12C1CC3CC(C1)CC2C3|(3, 1);((1, 2), 2)|TH(1,'mix',())",C[C:1](OC1=CC=CC(C2(OCC(F)(F)F)OOC23C2CC4CC(C2)CC3C4)=C1)([O-:2])[Cl:3]
train,10035,1,added_mix,planar_to_tetrahedral,,"CC(C)(C)[C:1](Cl)=[O:2].NC1=NC(C2=CC=CC=C2)=C(CC[O-:3])C2=NC=NN12|(3, 1);((1, 2), 2)","CC(C)(C)[C:1](Cl)=[O:2].NC1=NC(C2=CC=CC=C2)=C(CC[O-:3])C2=NC=NN12|(3, 1);((1, 2), 2)|TH(1,'mix',())",CC(C)(C)[C:1](OCCC1=C(C2=CC=CC=C2)N=C(N)N2N=CN=C12)([O-:2])[Cl:3]
train,10039,0,added_mix,planar_to_tetrahedral,,"CC(C)(C)OC(=O)NC1=CC=C(OC(F)(F)F)C=C1[NH2:1].CC(C)(C)O[C:2](CC(=O)C1=CC=CC(C2=CC=C(C3CC3)N=C2)=C1)=[O:3]|(1, 2);((2, 3), 3)","CC(C)(C)OC(=O)NC1=CC=C(OC(F)(F)F)C=C1[NH2:1].CC(C)(C)O[C:2](CC(=O)C1=CC=CC(C2=CC=C(C3CC3)N=C2)=C1)=[O:3]|(1, 2);((2, 3), 3)|TH(2,'mix',())",CC(C)(C)OC(=O)NC1=CC=C(OC(F)(F)F)C=C1[NH2+][C:1](CC(=O)C1=CC=CC(C2=CC=C(C3CC3)N=C2)=C1)([O-:2])[O:3]C(C)(C)C
train,10033,0,added_mix,planar_to_tetrahedral,,"CC(=O)OC[C:1](Cl)=[O:2].O=C1OC(=O)N(CC2=CC=NC([NH2:3])=C2)C2=CC=CC=C12|(3, 1);((1, 2), 2)","CC(=O)OC[C:1](Cl)=[O:2].O=C1OC(=O)N(CC2=CC=NC([NH2:3])=C2)C2=CC=CC=C12|(3, 1);((1, 2), 2)|TH(1,'mix',())",CC(=O)OC[C:1]([NH2+]C1=CC(CN2C(=O)OC(=O)C3=CC=CC=C32)=CC=N1)([O-:2])[Cl:3]
train,10055,2,added_mix,planar_to_tetrahedral,,"CC(C)(C)C1=CC=C(C[NH:1]CCC2=CC=C(F)C=C2)C=C1.FC1=CC=C2C=CNC2=C1[C:2](OC(=NC1CCCCC1)NC1CCCCC1)=[O:3]|(1, 2);((2, 3), 3)","CC(C)(C)C1=CC=C(C[NH:1]CCC2=CC=C(F)C=C2)C=C1.FC1=CC=C2C=CNC2=C1[C:2](OC(=NC1CCCCC1)NC1CCCCC1)=[O:3]|(1, 2);((2, 3), 3)|TH(2,'mix',())",CC(C)(C)C1=CC=C(C[N+:1](CCC2=CC=C(F)C=C2)(C([O-])(OC(NC2CCCCC2)=[N:2]C2CCCCC2)C2=C(F)C=CC3=C2NC=C3)[H:3])C=C1
train,10061,0,added_mix,planar_to_tetrahedral,,"FC1=CC=C([C:1](CCCCl)=[O:2])C=C1.N[NH2:3].[H+:4]|(3, 1);((1, 2), 4)","FC1=CC=C([C:1](CCCCl)=[O:2])C=C1.N[NH2:3].[H+:4]|(3, 1);((1, 2), 4)|TH(1,'mix',())",N[NH+:1](C(CCCCl)(C1=CC=C(F)C=C1)[OH:2])[H:3]
train,1011,2,added_mix,planar_to_tetrahedral,,"C1=CC=C(COC2=CC([NH2:1])=CC=C2)C=C1.OC(CC1CCCCC1)[C:2](OC(=NC1CCCCC1)NC1CCCCC1)=[O:3]|(1, 2);((2, 3), 3)","C1=CC=C(COC2=CC([NH2:1])=CC=C2)C=C1.OC(CC1CCCCC1)[C:2](OC(=NC1CCCCC1)NC1CCCCC1)=[O:3]|(1, 2);((2, 3), 3)|TH(2,'mix',())",[O-]C(OC(NC1CCCCC1)=[N:1]C1CCCCC1)(C(O)CC1CCCCC1)[NH+:2](C1=CC=CC(OCC2=CC=CC=C2)=C1)[H:3]
train,10045,0,added_mix,planar_to_tetrahedral,,"CC(C)(C)OC(=O)O[C:1](OC(C)(C)C)=[O:2].COC(=O)C(C1=CC=CC([N+](=O)O)=C1)[NH2:3]|(3, 1);((1, 2), 2)","CC(C)(C)OC(=O)O[C:1](OC(C)(C)C)=[O:2].COC(=O)C(C1=CC=CC([N+](=O)O)=C1)[NH2:3]|(3, 1);((1, 2), 2)|TH(1,'mix',())",COC(=O)C([NH2+][C:1](OC(C)(C)C)([O-:2])[O:3]C(=O)OC(C)(C)C)C1=CC=CC([N+](=O)O)=C1
train,10062,2,added_mix,planar_to_tetrahedral,,"CC1=C([C:1](OC(=NC2CCCCC2)NC2CCCCC2)=[O:2])SC(N2CC(C)N(CC3=CC=C(F)C=C3)C2=O)=N1.FC1=CC=C(C[NH2:3])C=C1F|(3, 1);((1, 2), 2)","CC1=C([C:1](OC(=NC2CCCCC2)NC2CCCCC2)=[O:2])SC(N2CC(C)N(CC3=CC=C(F)C=C3)C2=O)=N1.FC1=CC=C(C[NH2:3])C=C1F|(3, 1);((1, 2), 2)|TH(1,'mix',())",CC1=C(C([O-])(OC(NC2CCCCC2)=[N:1]C2CCCCC2)[NH+:2](CC2=CC=C(F)C(F)=C2)[H:3])SC(N2CC(C)N(CC3=CC=C(F)C=C3)C2=O)=N1
train,10066,0,added_mix,planar_to_tetrahedral,,"C[S:1](C)=[O:2].O=C(Cl)[C:3](Cl)=[O:4]|((1, 2), 3);((3, 4), 4)","C[S:1](C)=[O:2].O=C(Cl)[C:3](Cl)=[O:4]|((1, 2), 3);((3, 4), 4)|TH(3,'mix',())",C[S+](C)O[C:1](C(=O)Cl)([O-:2])[Cl:3]
train,1012,2,added_mix,planar_to_tetrahedral,,"C1=CC[NH:1]C1.O=C(NC(CC1=CC=CC=C1)C(O)[C:2](OC(=NC1CCCCC1)NC1CCCCC1)=[O:3])C1=CC2=CC(Cl)=CC=C2N1|(1, 2);((2, 3), 3)","C1=CC[NH:1]C1.O=C(NC(CC1=CC=CC=C1)C(O)[C:2](OC(=NC1CCCCC1)NC1CCCCC1)=[O:3])C1=CC2=CC(Cl)=CC=C2N1|(1, 2);((2, 3), 3)|TH(2,'mix',())",O=C(NC(CC1=CC=CC=C1)C(O)C([O-])(OC(NC1CCCCC1)=[N:1]C1CCCCC1)[N+:2]1([H:3])CC=CC1)C1=CC2=CC(Cl)=CC=C2N1
train,10056,0,added_mix,planar_to_tetrahedral,,"CC1=NN(C)C(C(=O)NC2=CC(OC3=CN4C=C([NH2:1])N=C4C=C3)=CC=C2F)=C1.Cl[C:2](C1CC1)=[O:3]|(1, 2);((2, 3), 3)","CC1=NN(C)C(C(=O)NC2=CC(OC3=CN4C=C([NH2:1])N=C4C=C3)=CC=C2F)=C1.Cl[C:2](C1CC1)=[O:3]|(1, 2);((2, 3), 3)|TH(2,'mix',())",CC1=NN(C)C(C(=O)NC2=CC(OC3=CN4C=C([NH2+][C:1](C5CC5)([O-:2])[Cl:3])N=C4C=C3)=CC=C2F)=C1
train,10058,0,added_mix,planar_to_tetrahedral,,"C1=CC2=NC([NH2:1])=NN2C(C2=COC=C2)=C1.CC(=O)N1CCC([C:2](Cl)=[O:3])CC1|(1, 2);((2, 3), 3)","C1=CC2=NC([NH2:1])=NN2C(C2=COC=C2)=C1.CC(=O)N1CCC([C:2](Cl)=[O:3])CC1|(1, 2);((2, 3), 3)|TH(2,'mix',())",CC(=O)N1CCC([C:1]([NH2+]C2=NN3C(C4=COC=C4)=CC=CC3=N2)([O-:2])[Cl:3])CC1
train,10065,3,no_matching_mode,planar_to_tetrahedral,,"COC(=O)C1=CC(C(SC[C:1](C2=CC=C(C(F)(F)F)C=C2)=[OH+:2])=[NH:3])=CC=C1|(3, 1);((1, 2), 2)","COC(=O)C1=CC(C(SC[C:1](C2=CC=C(C(F)(F)F)C=C2)=[OH+:2])=[NH:3])=CC=C1|(3, 1);((1, 2), 2)",COC(=O)C1=CC(C2=[N+:1]([H:2])C(O)(C3=CC=C(C(F)(F)F)C=C3)CS2)=CC=C1.[Br-:3]
train,10090,0,added_mix,planar_to_tetrahedral,,"C[S:1](C)=[O:2].O=C(Cl)[C:3](Cl)=[O:4]|((1, 2), 3);((3, 4), 4)","C[S:1](C)=[O:2].O=C(Cl)[C:3](Cl)=[O:4]|((1, 2), 3);((3, 4), 4)|TH(3,'mix',())",C[S+](C)O[C:1](C(=O)Cl)([O-:2])[Cl:3]
train,1035,2,added_mix,planar_to_tetrahedral,,"C1=CC=C(C2(C3=CC=CC=C3)CCSC3C[NH:1]CC32)C=C1.CN(C)C1=C(C[C:2](OC(=NC2CCCCC2)NC2CCCCC2)=[O:3])C=CC=C1|(1, 2);((2, 3), 3)","C1=CC=C(C2(C3=CC=CC=C3)CCSC3C[NH:1]CC32)C=C1.CN(C)C1=C(C[C:2](OC(=NC2CCCCC2)NC2CCCCC2)=[O:3])C=CC=C1|(1, 2);((2, 3), 3)|TH(2,'mix',())",CN(C)C1=C(CC([O-])(OC(NC2CCCCC2)=[N:1]C2CCCCC2)[N+:2]2([H:3])CC3SCCC(C4=CC=CC=C4)(C4=CC=CC=C4)C3C2)C=CC=C1
train,10100,2,added_mix,planar_to_tetrahedral,,"CC1=NC(C)=C(C2=CC=C(C3=CC=C(C[C:1](OC(=NC4CCCCC4)NC4CCCCC4)=[O:2])C=C3Cl)C=C2)N=C1C(N)=O.CCOC(=O)C1CC[NH:3]CC1|(3, 1);((1, 2), 2)","CC1=NC(C)=C(C2=CC=C(C3=CC=C(C[C:1](OC(=NC4CCCCC4)NC4CCCCC4)=[O:2])C=C3Cl)C=C2)N=C1C(N)=O.CCOC(=O)C1CC[NH:3]CC1|(3, 1);((1, 2), 2)|TH(1,'mix',())",CCOC(=O)C1CC[N+:1](C([O-])(CC2=CC=C(C3=CC=C(C4=C(C)N=C(C)C(C(N)=O)=N4)C=C3)C(Cl)=C2)OC(NC2CCCCC2)=[N:2]C2CCCCC2)([H:3])CC1
train,10094,2,added_mix,planar_to_tetrahedral,,"CC1=C([C:1](OC(=NC2CCCCC2)NC2CCCCC2)=[O:2])C=NN1C1=CC=C(F)C=C1F.N#CC1=CC([NH2:3])=CC=C1N1CCN(CCO)CC1|(3, 1);((1, 2), 2)","CC1=C([C:1](OC(=NC2CCCCC2)NC2CCCCC2)=[O:2])C=NN1C1=CC=C(F)C=C1F.N#CC1=CC([NH2:3])=CC=C1N1CCN(CCO)CC1|(3, 1);((1, 2), 2)|TH(1,'mix',())",CC1=C(C([O-])(OC(NC2CCCCC2)=[N:1]C2CCCCC2)[NH+:2](C2=CC(C#N)=C(N3CCN(CCO)CC3)C=C2)[H:3])C=NN1C1=CC=C(F)C=C1F
train,10073,1,added_mix,planar_to_tetrahedral,,"C[C:1](N(CCCN1C(=O)C2=CC=CC=C2C1=O)C1=CC=C(C2=CC(=O)C3=C(N)C=CC(F)=C3O2)C=C1)=[OH+:2].[OH2:3]|(3, 1);((1, 2), 2)","C[C:1](N(CCCN1C(=O)C2=CC=CC=C2C1=O)C1=CC=C(C2=CC(=O)C3=C(N)C=CC(F)=C3O2)C=C1)=[OH+:2].[OH2:3]|(3, 1);((1, 2), 2)|TH(1,'mix',())",CC(O)([N:1](CCCN1C(=O)C2=CC=CC=C2C1=O)C1=CC=C(C2=CC(=O)C3=C(N)C=CC(F)=C3O2)C=C1)[OH+:2][H:3]
train,10067,3,no_matching_mode,planar_to_tetrahedral,,"N#CC1=CC([C:1](CSC(N)=[NH:2])=[OH+:3])=CC=C1|(2, 1);((1, 3), 3)","N#CC1=CC([C:1](CSC(N)=[NH:2])=[OH+:3])=CC=C1|(2, 1);((1, 3), 3)",N#CC1=CC(C2(O)CSC(N)=[N+:1]2[H:2])=CC=C1.[Br-:3]
train,10072,0,added_mix,planar_to_tetrahedral,,"COC1=C([CH:1]=[O:2])N=CC=N1.O=C(CC1CC[NH:3]CC1)C1=CC=CC=C1F.[H+:4]|(3, 1);((1, 2), 4)","COC1=C([CH:1]=[O:2])N=CC=N1.O=C(CC1CC[NH:3]CC1)C1=CC=CC=C1F.[H+:4]|(3, 1);((1, 2), 4)|TH(1,'mix',())",COC1=C(C([N+:1]2([H:2])CCC(CC(=O)C3=CC=CC=C3F)CC2)[OH:3])N=CC=N1
train,10083,2,added_mix,planar_to_tetrahedral,,"C1CCC(C[NH2:1])OC1.CCCCCCC=C[C:2](OC(=NC1CCCCC1)NC1CCCCC1)=[O:3]|(1, 2);((2, 3), 3)","C1CCC(C[NH2:1])OC1.CCCCCCC=C[C:2](OC(=NC1CCCCC1)NC1CCCCC1)=[O:3]|(1, 2);((2, 3), 3)|TH(2,'mix',())",CCCCCCC=CC([O-])(OC(NC1CCCCC1)=[N:1]C1CCCCC1)[NH+:2](CC1CCCCO1)[H:3]
train,10082,2,added_mix,planar_to_tetrahedral,,"CC1=CC([NH2:1])=CC(C)=C1O.COC1=CC(C=C[C:2](OC(=NC2CCCCC2)NC2CCCCC2)=[O:3])=C(OC)C=C1|(1, 2);((2, 3), 3)","CC1=CC([NH2:1])=CC(C)=C1O.COC1=CC(C=C[C:2](OC(=NC2CCCCC2)NC2CCCCC2)=[O:3])=C(OC)C=C1|(1, 2);((2, 3), 3)|TH(2,'mix',())",COC1=CC(C=CC([O-])(OC(NC2CCCCC2)=[N:1]C2CCCCC2)[NH+:2](C2=CC(C)=C(O)C(C)=C2)[H:3])=C(OC)C=C1
train,10093,0,added_mix,planar_to_tetrahedral,,"CC(C)(C)[Si](C)(C)OC1=CC(O[Si](C)(C)C(C)(C)C)=CC([CH:1]=[O:2])=C1.CCOC(=O)C(C)(C)[NH2:3].[H+:4]|(3, 1);((1, 2), 4)","CC(C)(C)[Si](C)(C)OC1=CC(O[Si](C)(C)C(C)(C)C)=CC([CH:1]=[O:2])=C1.CCOC(=O)C(C)(C)[NH2:3].[H+:4]|(3, 1);((1, 2), 4)|TH(1,'mix',())",CCOC(=O)C(C)(C)[NH+:1](C(C1=CC(O[Si](C)(C)C(C)(C)C)=CC(O[Si](C)(C)C(C)(C)C)=C1)[OH:2])[H:3]
train,10074,0,no_matching_mode,planar_to_tetrahedral,,"CC1=C[C:1](=[O:2])CC(C2=CC=CC=C2F)C1.[H:3][BH3-:4]|((4, 3), 1);((1, 2), 2)","CC1=C[C:1](=[O:2])CC(C2=CC=CC=C2F)C1.[H:3][BH3-:4]|((4, 3), 1);((1, 2), 2)",CC1=CC([O-:1])CC(C2=CC=CC=C2F)C1.C[O:2][H:3]
train,10080,0,added_mix,planar_to_tetrahedral,,"COC1=CC(C)=C(O[C:1](C)=[O:2])C=C1NC(C)=O.[OH-:3]|(3, 1);((1, 2), 2)","COC1=CC(C)=C(O[C:1](C)=[O:2])C=C1NC(C)=O.[OH-:3]|(3, 1);((1, 2), 2)|TH(1,'mix',())",COC1=CC(C)=C([O:1][C:2](C)(O)[O-:3])C=C1NC(C)=O
train,10078,0,added_mix,planar_to_tetrahedral,,"COC(=O)C(C)(C1=CC(Br)=CC=C1F)[NH2:1].ClC[C:2](Cl)=[O:3]|(1, 2);((2, 3), 3)","COC(=O)C(C)(C1=CC(Br)=CC=C1F)[NH2:1].ClC[C:2](Cl)=[O:3]|(1, 2);((2, 3), 3)|TH(2,'mix',())",COC(=O)C(C)([NH2+][C:1](CCl)([O-:2])[Cl:3])C1=CC(Br)=CC=C1F
train,10079,0,added_mix,planar_to_tetrahedral,,"CCO[C:1](C1=CC=C(OCC2=C(C)ON=C2C2=CC=CC(F)=C2)N=N1)=[O:2].CC[NH2:3]|(3, 1);((1, 2), 2)","CCO[C:1](C1=CC=C(OCC2=C(C)ON=C2C2=CC=CC(F)=C2)N=N1)=[O:2].CC[NH2:3]|(3, 1);((1, 2), 2)|TH(1,'mix',())",CC[NH2+][C:1](C1=CC=C(OCC2=C(C)ON=C2C2=CC=CC(F)=C2)N=N1)([O-:2])[O:3]CC
train,10081,0,added_mix,planar_to_tetrahedral,,"C1=CC=C2C(=C1)CCC[NH:1]2.CC(C)=C[C:2](Cl)=[O:3]|(1, 2);((2, 3), 3)","C1=CC=C2C(=C1)CCC[NH:1]2.CC(C)=C[C:2](Cl)=[O:3]|(1, 2);((2, 3), 3)|TH(2,'mix',())",CC(C)=C[C:1]([NH+]1CCCC2=CC=CC=C21)([O-:2])[Cl:3]
train,10098,2,added_mix,planar_to_tetrahedral,,"BrCC[NH2:1].CC(C)(C)OC(=O)N1CCC(CCC2=CC([C:2](OC(=NC3CCCCC3)NC3CCCCC3)=[O:3])=CC=C2)CC1|(1, 2);((2, 3), 3)","BrCC[NH2:1].CC(C)(C)OC(=O)N1CCC(CCC2=CC([C:2](OC(=NC3CCCCC3)NC3CCCCC3)=[O:3])=CC=C2)CC1|(1, 2);((2, 3), 3)|TH(2,'mix',())",CC(C)(C)OC(=O)N1CCC(CCC2=CC(C([O-])(OC(NC3CCCCC3)=[N:1]C3CCCCC3)[NH+:2](CCBr)[H:3])=CC=C2)CC1
train,10087,0,added_mix,planar_to_tetrahedral,,"Cl[C:1](CCC1CCCC1)=[O:2].O=C1OC[C@H](CC2=CC=CC=C2)[NH:3]1|(3, 1);((1, 2), 2)","Cl[C:1](CCC1CCCC1)=[O:2].O=C1OC[C@H](CC2=CC=CC=C2)[NH:3]1|(3, 1);((1, 2), 2)|TH(1,'mix',())",O=C1OCC(CC2=CC=CC=C2)[NH+]1[C:1](CCC1CCCC1)([O-:2])[Cl:3]
train,10126,2,added_mix,planar_to_tetrahedral,,"CC(=O)NC(C)[C:1](OC(=NC1CCCCC1)NC1CCCCC1)=[O:2].CC(C)CC(NC(=O)C(C)[NH2:3])C(=O)OCC1=CC=CC=C1|(3, 1);((1, 2), 2)","CC(=O)NC(C)[C:1](OC(=NC1CCCCC1)NC1CCCCC1)=[O:2].CC(C)CC(NC(=O)C(C)[NH2:3])C(=O)OCC1=CC=CC=C1|(3, 1);((1, 2), 2)|TH(1,'mix',())",CC(=O)NC(C)C([O-])(OC(NC1CCCCC1)=[N:1]C1CCCCC1)[NH+:2](C(C)C(=O)NC(CC(C)C)C(=O)OCC1=CC=CC=C1)[H:3]
train,10099,0,added_mix,planar_to_tetrahedral,,"FC(F)(F)C1=NOC([CH:1]=[O:2])=C1.O=C(NC1CC1)C1=CC=CC(C2=CC[NH:3]CC2)=N1.[H+:4]|(3, 1);((1, 2), 4)","FC(F)(F)C1=NOC([CH:1]=[O:2])=C1.O=C(NC1CC1)C1=CC=CC(C2=CC[NH:3]CC2)=N1.[H+:4]|(3, 1);((1, 2), 4)|TH(1,'mix',())",O=C(NC1CC1)C1=NC(C2=CC[N+:1](C(C3=CC(C(F)(F)F)=NO3)[OH:2])([H:3])CC2)=CC=C1
train,10091,0,added_mix,planar_to_tetrahedral,,"N#CC1=NON=C1[NH2:1].O=C(O[C:2](C(F)(F)F)=[O:3])C(F)(F)F|(1, 2);((2, 3), 3)","N#CC1=NON=C1[NH2:1].O=C(O[C:2](C(F)(F)F)=[O:3])C(F)(F)F|(1, 2);((2, 3), 3)|TH(2,'mix',())",N#CC1=NON=C1[NH2+][C:1](C(F)(F)F)([O-:2])[O:3]C(=O)C(F)(F)F
train,10112,2,added_mix,planar_to_tetrahedral,,"CC(C#N)C1=CC([C:1](OC(=NC2CCCCC2)NC2CCCCC2)=[O:2])=CC=C1.NC1=NC=C(C#CC2=CC([NH2:3])=CN=C2)C=N1|(3, 1);((1, 2), 2)","CC(C#N)C1=CC([C:1](OC(=NC2CCCCC2)NC2CCCCC2)=[O:2])=CC=C1.NC1=NC=C(C#CC2=CC([NH2:3])=CN=C2)C=N1|(3, 1);((1, 2), 2)|TH(1,'mix',())",CC(C#N)C1=CC(C([O-])(OC(NC2CCCCC2)=[N:1]C2CCCCC2)[NH+:2](C2=CN=CC(C#CC3=CN=C(N)N=C3)=C2)[H:3])=CC=C1
train,10119,2,added_mix,planar_to_tetrahedral,,"CC1=CC=C(I)C([C:1](OC(=NC2CCCCC2)NC2CCCCC2)=[O:2])=C1.C[OH:3]|(3, 1);((1, 2), 2)","CC1=CC=C(I)C([C:1](OC(=NC2CCCCC2)NC2CCCCC2)=[O:2])=C1.C[OH:3]|(3, 1);((1, 2), 2)|TH(1,'mix',())",CC1=CC(C([O-])(OC(NC2CCCCC2)=[N:1]C2CCCCC2)[O+:2](C)[H:3])=C(I)C=C1
train,10097,0,added_mix,planar_to_tetrahedral,,"ClCC[NH2:1].O=C(O[C:2](C(F)(F)F)=[O:3])C(F)(F)F|(1, 2);((2, 3), 3)","ClCC[NH2:1].O=C(O[C:2](C(F)(F)F)=[O:3])C(F)(F)F|(1, 2);((2, 3), 3)|TH(2,'mix',())",O=C(C(F)(F)F)[O:1][C:2]([NH2+]CCCl)(C(F)(F)F)[O-:3]
train,10141,2,added_mix,planar_to_tetrahedral,,"CC(C)(C)C1=CC=C(C[NH:1]CCC2=CC(F)=CC(C(F)(F)F)=C2)C=C1.FC1=C(Cl)C=C(C(F)(F)F)C=C1[C:2](OC(=NC1CCCCC1)NC1CCCCC1)=[O:3]|(1, 2);((2, 3), 3)","CC(C)(C)C1=CC=C(C[NH:1]CCC2=CC(F)=CC(C(F)(F)F)=C2)C=C1.FC1=C(Cl)C=C(C(F)(F)F)C=C1[C:2](OC(=NC1CCCCC1)NC1CCCCC1)=[O:3]|(1, 2);((2, 3), 3)|TH(2,'mix',())",CC(C)(C)C1=CC=C(C[N+:1](CCC2=CC(F)=CC(C(F)(F)F)=C2)(C([O-])(OC(NC2CCCCC2)=[N:2]C2CCCCC2)C2=CC(C(F)(F)F)=CC(Cl)=C2F)[H:3])C=C1
train,1051,2,added_mix,planar_to_tetrahedral,,"COC(=O)CCCCCC[NH2:1].O=C(C1=CN2CCCC3=CC=CC1=C32)[C:2](OC(=NC1CCCCC1)NC1CCCCC1)=[O:3]|(1, 2);((2, 3), 3)","COC(=O)CCCCCC[NH2:1].O=C(C1=CN2CCCC3=CC=CC1=C32)[C:2](OC(=NC1CCCCC1)NC1CCCCC1)=[O:3]|(1, 2);((2, 3), 3)|TH(2,'mix',())",COC(=O)CCCCCC[NH+:1](C([O-])(OC(NC1CCCCC1)=[N:2]C1CCCCC1)C(=O)C1=CN2CCCC3=C2C1=CC=C3)[H:3]
train,10122,2,added_mix,planar_to_tetrahedral,,"CC1=C([C:1](OC(=NC2CCCCC2)NC2CCCCC2)=[O:2])C=CC(OCCCC2CCN(C3=NC(C4CCC4)=NO3)CC2)=C1.OCC(CO)[NH2:3]|(3, 1);((1, 2), 2)","CC1=C([C:1](OC(=NC2CCCCC2)NC2CCCCC2)=[O:2])C=CC(OCCCC2CCN(C3=NC(C4CCC4)=NO3)CC2)=C1.OCC(CO)[NH2:3]|(3, 1);((1, 2), 2)|TH(1,'mix',())",CC1=C(C([O-])(OC(NC2CCCCC2)=[N:1]C2CCCCC2)[NH+:2](C(CO)CO)[H:3])C=CC(OCCCC2CCN(C3=NC(C4CCC4)=NO3)CC2)=C1
train,10110,2,added_mix,planar_to_tetrahedral,,"CC(C)(CO)[NH2:1].COC1=CC2=C(C=C1)NC([C:2](OC(=NC1CCCCC1)NC1CCCCC1)=[O:3])=C2|(1, 2);((2, 3), 3)","CC(C)(CO)[NH2:1].COC1=CC2=C(C=C1)NC([C:2](OC(=NC1CCCCC1)NC1CCCCC1)=[O:3])=C2|(1, 2);((2, 3), 3)|TH(2,'mix',())",COC1=CC=C2NC(C([O-])(OC(NC3CCCCC3)=[N:1]C3CCCCC3)[NH+:2](C(C)(C)CO)[H:3])=CC2=C1
train,10104,0,added_mix,planar_to_tetrahedral,,"C1=NC=C(C[NH2:1])N=C1.ClCC[C:2](Cl)=[O:3]|(1, 2);((2, 3), 3)","C1=NC=C(C[NH2:1])N=C1.ClCC[C:2](Cl)=[O:3]|(1, 2);((2, 3), 3)|TH(2,'mix',())",ClCC[C:1]([NH2+]CC1=CN=CC=N1)([O-:2])[Cl:3]
train,10130,0,added_mix,planar_to_tetrahedral,,"CCCCCCCCCCCCCCCCCCOCC(COCCCCCCCCCCCCCCCCCC)(COCCCCCCCCCCCCCCCCCC)COC1=CC=C([CH:1]=[O:2])C(OC)=C1.O[NH2:3].[H+:4]|(3, 1);((1, 2), 4)","CCCCCCCCCCCCCCCCCCOCC(COCCCCCCCCCCCCCCCCCC)(COCCCCCCCCCCCCCCCCCC)COC1=CC=C([CH:1]=[O:2])C(OC)=C1.O[NH2:3].[H+:4]|(3, 1);((1, 2), 4)|TH(1,'mix',())",CCCCCCCCCCCCCCCCCCOCC(COCCCCCCCCCCCCCCCCCC)(COCCCCCCCCCCCCCCCCCC)COC1=CC=C(C([NH+:1](O)[H:2])[OH:3])C(OC)=C1
train,1002,0,added_mix,planar_to_tetrahedral,,"Cl[C:1](OCC1=CC=CC=C1)=[O:2].O=C1CCC[NH:3]C2=CC(Cl)=CC=C12|(3, 1);((1, 2), 2)","Cl[C:1](OCC1=CC=CC=C1)=[O:2].O=C1CCC[NH:3]C2=CC(Cl)=CC=C12|(3, 1);((1, 2), 2)|TH(1,'mix',())",O=C1CCC[NH+]([C:1](OCC2=CC=CC=C2)([O-:2])[Cl:3])C2=CC(Cl)=CC=C12
train,10143,2,added_mix,planar_to_tetrahedral,,"CCC(N(CC(F)(F)F)C1=CC=C(C#N)C(Cl)=C1)[C:1](OC(=NC1CCCCC1)NC1CCCCC1)=[O:2].CC[NH2:3]|(3, 1);((1, 2), 2)","CCC(N(CC(F)(F)F)C1=CC=C(C#N)C(Cl)=C1)[C:1](OC(=NC1CCCCC1)NC1CCCCC1)=[O:2].CC[NH2:3]|(3, 1);((1, 2), 2)|TH(1,'mix',())",CCC(N(CC(F)(F)F)C1=CC=C(C#N)C(Cl)=C1)C([O-])(OC(NC1CCCCC1)=[N:1]C1CCCCC1)[NH+:2](CC)[H:3]
train,10116,0,added_mix,planar_to_tetrahedral,,"CS(=O)(=O)C1=CC=C(N2N=CC3=C(OC4CC[NH:1]CC4)N=CN=C32)C=C1.Cl[C:2](C1=CC=CN=C1)=[O:3]|(1, 2);((2, 3), 3)","CS(=O)(=O)C1=CC=C(N2N=CC3=C(OC4CC[NH:1]CC4)N=CN=C32)C=C1.Cl[C:2](C1=CC=CN=C1)=[O:3]|(1, 2);((2, 3), 3)|TH(2,'mix',())",CS(=O)(=O)C1=CC=C(N2N=CC3=C(OC4CC[NH+]([C:1](C5=CC=CN=C5)([O-:2])[Cl:3])CC4)N=CN=C32)C=C1
train,10118,0,added_mix,planar_to_tetrahedral,,"CO[C:1](CC[C@@H](C(=O)[NH2:2])N1CC2=C(OCC3=CC=C(CBr)C=C3)C=CC=C2C1=O)=[O:3]|(2, 1);((1, 3), 3)","CO[C:1](CC[C@@H](C(=O)[NH2:2])N1CC2=C(OCC3=CC=C(CBr)C=C3)C=CC=C2C1=O)=[O:3]|(2, 1);((1, 3), 3)|TH(1,'mix',())",C[O:1][C:2]1([O-:3])CCC(N2CC3=C(OCC4=CC=C(CBr)C=C4)C=CC=C3C2=O)C(=O)[NH2+]1
train,10170,2,added_mix,planar_to_tetrahedral,,"CCOCCN1C2=CC=CC=C2N=C1N1CCCN(CCC2(C3=CC=CC=C3)CC[NH:1]C2)CC1.COC1=C([C:2](OC(=NC2CCCCC2)NC2CCCCC2)=[O:3])C=C(N2N=NN=C2C(F)(F)F)C=C1|(1, 2);((2, 3), 3)","CCOCCN1C2=CC=CC=C2N=C1N1CCCN(CCC2(C3=CC=CC=C3)CC[NH:1]C2)CC1.COC1=C([C:2](OC(=NC2CCCCC2)NC2CCCCC2)=[O:3])C=C(N2N=NN=C2C(F)(F)F)C=C1|(1, 2);((2, 3), 3)|TH(2,'mix',())",CCOCCN1C(N2CCCN(CCC3(C4=CC=CC=C4)CC[N+:1](C([O-])(OC(NC4CCCCC4)=[N:2]C4CCCCC4)C4=C(OC)C=CC(N5N=NN=C5C(F)(F)F)=C4)([H:3])C3)CC2)=NC2=C1C=CC=C2
val,10117,0,added_mix,planar_to_tetrahedral,,"FC1=CC=C(OCC2CCCN([C:1](C3(C4=CC=C(Cl)C=C4)CCC3)=[O:2])C2)C=C1.[H:3][AlH3-:4]|((4, 3), 1);((1, 2), 4)","FC1=CC=C(OCC2CCCN([C:1](C3(C4=CC=C(Cl)C=C4)CCC3)=[O:2])C2)C=C1.[H:3][AlH3-:4]|((4, 3), 1);((1, 2), 4)|TH(1,'mix',())",FC1=CC=C(OCC2CCC[N:1]([CH:2](C3(C4=CC=C(Cl)C=C4)CCC3)[O:3][AlH3-])C2)C=C1
val,10124,0,added_mix,planar_to_tetrahedral,,"C1=CSC([NH2:1])=N1.COC1CCC(CC(C2=CC=C(Cl)C(Cl)=C2)[C:2](OC)=[O:3])C1|(1, 2);((2, 3), 3)","C1=CSC([NH2:1])=N1.COC1CCC(CC(C2=CC=C(Cl)C(Cl)=C2)[C:2](OC)=[O:3])C1|(1, 2);((2, 3), 3)|TH(2,'mix',())",COC1CCC(CC(C2=CC=C(Cl)C(Cl)=C2)[C:1]([NH2+]C2=NC=CS2)([O-:2])[O:3]C)C1
val,10238,2,added_mix,planar_to_tetrahedral,,"FC(F)(F)C1(C2=CC(Cl)=CC(Cl)=C2)CC(C2=CC=C([C:1](OC(=NC3CCCCC3)NC3CCCCC3)=[O:2])C3=C2C=CC=C3)=NO1.FC(F)(F)C[NH2:3]|(3, 1);((1, 2), 2)","FC(F)(F)C1(C2=CC(Cl)=CC(Cl)=C2)CC(C2=CC=C([C:1](OC(=NC3CCCCC3)NC3CCCCC3)=[O:2])C3=C2C=CC=C3)=NO1.FC(F)(F)C[NH2:3]|(3, 1);((1, 2), 2)|TH(1,'mix',())",[O-]C(OC(NC1CCCCC1)=[N:1]C1CCCCC1)(C1=CC=C(C2=NOC(C3=CC(Cl)=CC(Cl)=C3)(C(F)(F)F)C2)C2=CC=CC=C21)[NH+:2](CC(F)(F)F)[H:3]
val,10264,2,added_mix,planar_to_tetrahedral,,"O=C1C(C[C:1](OC(=NC2CCCCC2)NC2CCCCC2)=[O:2])CC2=CC(Cl)=C3NN=CC3=C2CN1CC1=CC=NC=C1.O=C1NC2=C(C=CC=C2)C=C1C1CC[NH:3]CC1|(3, 1);((1, 2), 2)","O=C1C(C[C:1](OC(=NC2CCCCC2)NC2CCCCC2)=[O:2])CC2=CC(Cl)=C3NN=CC3=C2CN1CC1=CC=NC=C1.O=C1NC2=C(C=CC=C2)C=C1C1CC[NH:3]CC1|(3, 1);((1, 2), 2)|TH(1,'mix',())",O=C1NC2=CC=CC=C2C=C1C1CC[N+:1](C([O-])(CC2CC3=CC(Cl)=C4NN=CC4=C3CN(CC3=CC=NC=C3)C2=O)OC(NC2CCCCC2)=[N:2]C2CCCCC2)([H:3])CC1
val,10282,0,added_mix,planar_to_tetrahedral,,"C1=CC2=CN=CC=C2C([NH2:1])=C1.COC1=CC=C([C:2](Cl)=[O:3])C=C1|(1, 2);((2, 3), 3)","C1=CC2=CN=CC=C2C([NH2:1])=C1.COC1=CC=C([C:2](Cl)=[O:3])C=C1|(1, 2);((2, 3), 3)|TH(2,'mix',())",COC1=CC=C([C:1]([NH2+]C2=CC=CC3=CN=CC=C32)([O-:2])[Cl:3])C=C1
val,10336,2,added_mix,planar_to_tetrahedral,,"FC1=C(C[C:1](OC(=NC2CCCCC2)NC2CCCCC2)=[O:2])C(F)=C2C=C(Br)C=NC2=C1.N[NH2:3]|(3, 1);((1, 2), 2)","FC1=C(C[C:1](OC(=NC2CCCCC2)NC2CCCCC2)=[O:2])C(F)=C2C=C(Br)C=NC2=C1.N[NH2:3]|(3, 1);((1, 2), 2)|TH(1,'mix',())",N[NH+:1](C([O-])(CC1=C(F)C=C2N=CC(Br)=CC2=C1F)OC(NC1CCCCC1)=[N:2]C1CCCCC1)[H:3]
val,10319,0,no_matching_mode,planar_to_tetrahedral,,"COC1=C([C:1](C)=[O:2])C=C(Cl)C(F)=C1Br.[H:3][BH3-:4]|((4, 3), 1);((1, 2), 2)","COC1=C([C:1](C)=[O:2])C=C(Cl)C(F)=C1Br.[H:3][BH3-:4]|((4, 3), 1);((1, 2), 2)",COC1=C(C(C)[O-:1])C=C(Cl)C(F)=C1Br.C[O:2][H:3]
val,10324,0,added_mix,planar_to_tetrahedral,,"CC(C)C1=CC=C(C2=NC3=C(C(=O)N2C2=CC=C(Cl)C=C2)[NH:1]N=C3C2=CC=CC=C2)C=C1.CN(C)[C:2](Cl)=[O:3]|(1, 2);((2, 3), 3)","CC(C)C1=CC=C(C2=NC3=C(C(=O)N2C2=CC=C(Cl)C=C2)[NH:1]N=C3C2=CC=CC=C2)C=C1.CN(C)[C:2](Cl)=[O:3]|(1, 2);((2, 3), 3)|TH(2,'mix',())",CC(C)C1=CC=C(C2=NC3=C(C(=O)N2C2=CC=C(Cl)C=C2)[NH+]([C:1](N(C)C)([O-:2])[Cl:3])N=C3C2=CC=CC=C2)C=C1
val,10335,1,added_mix,planar_to_tetrahedral,,"C1=CC2=C(N=C1)ON=C2[O-:1].CC1CCN([C:2](Cl)=[O:3])CC1|(1, 2);((2, 3), 3)","C1=CC2=C(N=C1)ON=C2[O-:1].CC1CCN([C:2](Cl)=[O:3])CC1|(1, 2);((2, 3), 3)|TH(2,'mix',())",CC1CCN([C:1](OC2=NOC3=C2C=CC=N3)([O-:2])[Cl:3])CC1
val,10342,0,added_mix,planar_to_tetrahedral,,"C1=CC=C2CC(NC3=NC=C4C[NH:1]CC4=N3)CC2=C1.ClCCCO[C:2](Cl)=[O:3]|(1, 2);((2, 3), 3)","C1=CC=C2CC(NC3=NC=C4C[NH:1]CC4=N3)CC2=C1.ClCCCO[C:2](Cl)=[O:3]|(1, 2);((2, 3), 3)|TH(2,'mix',())",ClCCCO[C:1]([NH+]1CC2=CN=C(NC3CC4=CC=CC=C4C3)N=C2C1)([O-:2])[Cl:3]
val,10383,2,added_mix,planar_to_tetrahedral,,"CC1=CC2=C(C=C1)C(CC(C)C)C(=O)N(C[C:1](OC(=NC1CCCCC1)NC1CCCCC1)=[O:2])CC2C1=CC=CC=C1Cl.CCOC(=O)CC1CC[NH:3]CC1|(3, 1);((1, 2), 2)","CC1=CC2=C(C=C1)C(CC(C)C)C(=O)N(C[C:1](OC(=NC1CCCCC1)NC1CCCCC1)=[O:2])CC2C1=CC=CC=C1Cl.CCOC(=O)CC1CC[NH:3]CC1|(3, 1);((1, 2), 2)|TH(1,'mix',())",CCOC(=O)CC1CC[N+:1](C([O-])(CN2CC(C3=CC=CC=C3Cl)C3=C(C=CC(C)=C3)C(CC(C)C)C2=O)OC(NC2CCCCC2)=[N:2]C2CCCCC2)([H:3])CC1
val,10352,2,added_mix,planar_to_tetrahedral,,"CC1=CC2=C(C=C1)OCC1=C(C=CC=C1)C2[C:1](OC(=NC1CCCCC1)NC1CCCCC1)=[O:2].CC1=CC=CC(Cl)=C1[NH2:3]|(3, 1);((1, 2), 2)","CC1=CC2=C(C=C1)OCC1=C(C=CC=C1)C2[C:1](OC(=NC1CCCCC1)NC1CCCCC1)=[O:2].CC1=CC=CC(Cl)=C1[NH2:3]|(3, 1);((1, 2), 2)|TH(1,'mix',())",CC1=CC=C2OCC3=C(C=CC=C3)C(C([O-])(OC(NC3CCCCC3)=[N:1]C3CCCCC3)[NH+:2](C3=C(C)C=CC=C3Cl)[H:3])C2=C1
val,10354,1,added_mix,planar_to_tetrahedral,,"CC(=O)N(C1=CC=C(Cl)C=C1)C1CC(C)N(C(=O)C2=CC=C([OH:1])C=C2)C2=CC=CC=C21.CCOC(=O)[CH+:2]F|(1, 2)","CC(=O)N(C1=CC=C(Cl)C=C1)C1CC(C)N(C(=O)C2=CC=C([OH:1])C=C2)C2=CC=CC=C21.CCOC(=O)[CH+:2]F|(1, 2)|TH(2,'mix',())",CCOC(=O)C(F)[OH+]C1=CC=C(C(=O)N2C3=CC=CC=C3C(N(C(C)=O)C3=CC=C(Cl)C=C3)CC2C)C=C1
val,10387,2,added_mix,planar_to_tetrahedral,,"C1=CC=C2C(=C1)CCC2[NH2:1].COC1=C([C:2](OC(=NC2CCCCC2)NC2CCCCC2)=[O:3])C=CC(C2=CC=NC=C2)=C1|(1, 2);((2, 3), 3)","C1=CC=C2C(=C1)CCC2[NH2:1].COC1=C([C:2](OC(=NC2CCCCC2)NC2CCCCC2)=[O:3])C=CC(C2=CC=NC=C2)=C1|(1, 2);((2, 3), 3)|TH(2,'mix',())",COC1=C(C([O-])(OC(NC2CCCCC2)=[N:1]C2CCCCC2)[NH+:2](C2CCC3=CC=CC=C32)[H:3])C=CC(C2=CC=NC=C2)=C1
val,10365,1,added_mix,planar_to_tetrahedral,,"CCO[P:1](=O)(OCC)[CH-:2]C1=CC=C(OC(F)(F)F)C=C1.N#CC1=CC([CH:3]=[O:4])=C(Br)C=C1|(2, 3);((3, 4), 1)","CCO[P:1](=O)(OCC)[CH-:2]C1=CC=C(OC(F)(F)F)C=C1.N#CC1=CC([CH:3]=[O:4])=C(Br)C=C1|(2, 3);((3, 4), 1)|TH(3,'mix',())",CCO[P-:1]1(OCC)(=[O:2])OC(C2=C(Br)C=CC(C#N)=C2)C1C1=CC=C(OC(F)(F)F)C=C1
val,10381,0,added_mix,planar_to_tetrahedral,,"COC1=C([CH:1]=[O:2])C=C2C(=C1)N=CN=C2NC1=CC=CC(Cl)=C1F.N#CCC[NH:3]CC(=O)O.[H+:4]|(3, 1);((1, 2), 4)","COC1=C([CH:1]=[O:2])C=C2C(=C1)N=CN=C2NC1=CC=CC(Cl)=C1F.N#CCC[NH:3]CC(=O)O.[H+:4]|(3, 1);((1, 2), 4)|TH(1,'mix',())",COC1=C(C([N+:1](CCC#N)(CC(=O)O)[H:2])[OH:3])C=C2C(=C1)N=CN=C2NC1=CC=CC(Cl)=C1F
val,10376,0,no_matching_mode,planar_to_tetrahedral,,"CC(C)(C)OC(=O)CCNC(=O)C1=CC=C([C:1](C)=[O:2])C=C1.[H:3][BH3-:4]|((4, 3), 1);((1, 2), 2)","CC(C)(C)OC(=O)CCNC(=O)C1=CC=C([C:1](C)=[O:2])C=C1.[H:3][BH3-:4]|((4, 3), 1);((1, 2), 2)",CC(C1=CC=C(C(=O)NCCC(=O)OC(C)(C)C)C=C1)[O-:1].C[O:2][H:3]
val,10395,2,added_mix,planar_to_tetrahedral,,"CC(=O)C1=CC=C(N2CCN(C[C:1](OC(=NC3CCCCC3)NC3CCCCC3)=[O:2])CC2)C=C1.O=C(NC1=CC=C(OC2=CC=C(F)C=C2)C=C1)C(COCC1=CC=CC=C1)[NH2:3]|(3, 1);((1, 2), 2)","CC(=O)C1=CC=C(N2CCN(C[C:1](OC(=NC3CCCCC3)NC3CCCCC3)=[O:2])CC2)C=C1.O=C(NC1=CC=C(OC2=CC=C(F)C=C2)C=C1)C(COCC1=CC=CC=C1)[NH2:3]|(3, 1);((1, 2), 2)|TH(1,'mix',())",CC(=O)C1=CC=C(N2CCN(CC([O-])(OC(NC3CCCCC3)=[N:1]C3CCCCC3)[NH+:2](C(COCC3=CC=CC=C3)C(=O)NC3=CC=C(OC4=CC=C(F)C=C4)C=C3)[H:3])CC2)C=C1
val,10390,1,added_mix,planar_to_tetrahedral,,"C=C(C)[C:1](Cl)=[O:2].O=C1C2=CC=CC=C2C(=O)C2=CC([O-:3])=CC=C12|(3, 1);((1, 2), 2)","C=C(C)[C:1](Cl)=[O:2].O=C1C2=CC=CC=C2C(=O)C2=CC([O-:3])=CC=C12|(3, 1);((1, 2), 2)|TH(1,'mix',())",C=C(C)[C:1](OC1=CC=C2C(=O)C3=CC=CC=C3C(=O)C2=C1)([O-:2])[Cl:3]
val,10398,0,added_mix,planar_to_tetrahedral,,"CO[C@@H](CC1=CC=C(C#CCOC2=CC=C([C:1](C3=CC=C(F)C=C3)=[O:2])C=C2)C=C1)C(=O)O.O[NH2:3].[H+:4]|(3, 1);((1, 2), 4)","CO[C@@H](CC1=CC=C(C#CCOC2=CC=C([C:1](C3=CC=C(F)C=C3)=[O:2])C=C2)C=C1)C(=O)O.O[NH2:3].[H+:4]|(3, 1);((1, 2), 4)|TH(1,'mix',())",COC(CC1=CC=C(C#CCOC2=CC=C(C(C3=CC=C(F)C=C3)([NH+:1](O)[H:2])[OH:3])C=C2)C=C1)C(=O)O
val,10405,0,added_mix,planar_to_tetrahedral,,"C[NH:1]CC(CCO)C1=CC=C(F)C(F)=C1.Cl[C:2](C1=CC=CC2=C1CCCC2)=[O:3]|(1, 2);((2, 3), 3)","C[NH:1]CC(CCO)C1=CC=C(F)C(F)=C1.Cl[C:2](C1=CC=CC2=C1CCCC2)=[O:3]|(1, 2);((2, 3), 3)|TH(2,'mix',())",C[NH+](CC(CCO)C1=CC=C(F)C(F)=C1)[C:1](C1=CC=CC2=C1CCCC2)([O-:2])[Cl:3]
val,10425,0,added_mix,planar_to_tetrahedral,,"CCO[C:1]([C@@H]1C[C@@H](OC2CCCCO2)CN1C(=O)OCC1=CC=CC=C1)=[O:2].CO[NH:3]C|(3, 1);((1, 2), 2)","CCO[C:1]([C@@H]1C[C@@H](OC2CCCCO2)CN1C(=O)OCC1=CC=CC=C1)=[O:2].CO[NH:3]C|(3, 1);((1, 2), 2)|TH(1,'mix',())",CC[O:1][C:2](C1CC(OC2CCCCO2)CN1C(=O)OCC1=CC=CC=C1)([NH+](C)OC)[O-:3]
val,10452,2,added_mix,planar_to_tetrahedral,,"CCOC(=O)C1=C(C2CC2)N(C2=C(Cl)C=CC([C:1](OC(=NC3CCCCC3)NC3CCCCC3)=[O:2])=C2)N=C1.C[NH2:3]|(3, 1);((1, 2), 2)","CCOC(=O)C1=C(C2CC2)N(C2=C(Cl)C=CC([C:1](OC(=NC3CCCCC3)NC3CCCCC3)=[O:2])=C2)N=C1.C[NH2:3]|(3, 1);((1, 2), 2)|TH(1,'mix',())",CCOC(=O)C1=C(C2CC2)N(C2=C(Cl)C=CC(C([O-])(OC(NC3CCCCC3)=[N:1]C3CCCCC3)[NH+:2](C)[H:3])=C2)N=C1
val,10472,0,added_mix,planar_to_tetrahedral,,"CC(=O)O[C:1](C)=[O:2].OC[C@H]1O[C@H](O[C@H]2[C@H](O)[C@@H](O)[C@H](SC3=CC=C([NH2:3])C=C3)O[C@@H]2CO)[C@H](O)[C@@H](O)[C@@H]1O|(3, 1);((1, 2), 2)","CC(=O)O[C:1](C)=[O:2].OC[C@H]1O[C@H](O[C@H]2[C@H](O)[C@@H](O)[C@H](SC3=CC=C([NH2:3])C=C3)O[C@@H]2CO)[C@H](O)[C@@H](O)[C@@H]1O|(3, 1);((1, 2), 2)|TH(1,'mix',())",CC(=O)[O:1][C:2](C)([NH2+]C1=CC=C(SC2OC(CO)C(OC3OC(CO)C(O)C(O)C3O)C(O)C2O)C=C1)[O-:3]
val,10471,0,added_mix,planar_to_tetrahedral,,"C1=CC(C2=NN3C=NN=C3C=C2)=CC([NH2:1])=C1.CC(=O)O[C:2](C)=[O:3]|(1, 2);((2, 3), 3)","C1=CC(C2=NN3C=NN=C3C=C2)=CC([NH2:1])=C1.CC(=O)O[C:2](C)=[O:3]|(1, 2);((2, 3), 3)|TH(2,'mix',())",CC(=O)[O:1][C:2](C)([NH2+]C1=CC=CC(C2=NN3C=NN=C3C=C2)=C1)[O-:3]
val,10479,0,added_mix,planar_to_tetrahedral,,"CC1=CC(C2=C(C3=CC=NC([NH2:1])=C3)N3N=CC=CC3=N2)=CC=C1F.Cl[C:2](C1=CC=NC=C1)=[O:3]|(1, 2);((2, 3), 3)","CC1=CC(C2=C(C3=CC=NC([NH2:1])=C3)N3N=CC=CC3=N2)=CC=C1F.Cl[C:2](C1=CC=NC=C1)=[O:3]|(1, 2);((2, 3), 3)|TH(2,'mix',())",CC1=CC(C2=C(C3=CC=NC([NH2+][C:1](C4=CC=NC=C4)([O-:2])[Cl:3])=C3)N3N=CC=CC3=N2)=CC=C1F
val,10545,2,added_mix,planar_to_tetrahedral,,"CC(C)(C)OC(=O)NC(C1=CC=CS1)[C:1](OC(=NC1CCCCC1)NC1CCCCC1)=[O:2].O=C(C1=CC=C(F)C=C1)C1=CC=CN=C1[NH2:3]|(3, 1);((1, 2), 2)","CC(C)(C)OC(=O)NC(C1=CC=CS1)[C:1](OC(=NC1CCCCC1)NC1CCCCC1)=[O:2].O=C(C1=CC=C(F)C=C1)C1=CC=CN=C1[NH2:3]|(3, 1);((1, 2), 2)|TH(1,'mix',())",CC(C)(C)OC(=O)NC(C1=CC=CS1)C([O-])(OC(NC1CCCCC1)=[N:1]C1CCCCC1)[NH+:2](C1=NC=CC=C1C(=O)C1=CC=C(F)C=C1)[H:3]
val,10549,2,added_mix,planar_to_tetrahedral,,"CC(CO)[NH2:1].CC1CCCC(N(CC2=CC=C([C:2](OC(=NC3CCCCC3)NC3CCCCC3)=[O:3])C=C2)S(=O)(=O)C2=CC=C(Cl)C=C2)C1|(1, 2);((2, 3), 3)","CC(CO)[NH2:1].CC1CCCC(N(CC2=CC=C([C:2](OC(=NC3CCCCC3)NC3CCCCC3)=[O:3])C=C2)S(=O)(=O)C2=CC=C(Cl)C=C2)C1|(1, 2);((2, 3), 3)|TH(2,'mix',())",CC1CCCC(N(CC2=CC=C(C([O-])(OC(NC3CCCCC3)=[N:1]C3CCCCC3)[NH+:2](C(C)CO)[H:3])C=C2)S(=O)(=O)C2=CC=C(Cl)C=C2)C1
val,10524,2,added_mix,planar_to_tetrahedral,,"CCCCCC=C[C:1](OC(=NC1CCCCC1)NC1CCCCC1)=[O:2].COC(=O)C(CC(C)C)[NH2:3]|(3, 1);((1, 2), 2)","CCCCCC=C[C:1](OC(=NC1CCCCC1)NC1CCCCC1)=[O:2].COC(=O)C(CC(C)C)[NH2:3]|(3, 1);((1, 2), 2)|TH(1,'mix',())",CCCCCC=CC([O-])(OC(NC1CCCCC1)=[N:1]C1CCCCC1)[NH+:2](C(CC(C)C)C(=O)OC)[H:3]
val,10550,3,no_matching_mode,planar_to_tetrahedral,,"O=S(=O)(NC1=NC=CS1)C1=CC=C(NC(SC[C:1](CC2=CC=C(Cl)C=C2)=[OH+:2])=[NH:3])N=C1|(3, 1);((1, 2), 2)","O=S(=O)(NC1=NC=CS1)C1=CC=C(NC(SC[C:1](CC2=CC=C(Cl)C=C2)=[OH+:2])=[NH:3])N=C1|(3, 1);((1, 2), 2)",O=S(=O)(NC1=NC=CS1)C1=CC=C(NC2=[N+:1]([H:2])C(O)(CC3=CC=C(Cl)C=C3)CS2)N=C1.[Br-:3]
val,10574,0,added_mix,planar_to_tetrahedral,,"C[S:1](C)=[O:2].O=C(Cl)[C:3](Cl)=[O:4]|((1, 2), 3);((3, 4), 4)","C[S:1](C)=[O:2].O=C(Cl)[C:3](Cl)=[O:4]|((1, 2), 3);((3, 4), 4)|TH(3,'mix',())",C[S+](C)O[C:1](C(=O)Cl)([O-:2])[Cl:3]
val,10541,0,added_mix,planar_to_tetrahedral,,"NC1=CC=C([C:1](N2CCOCC2)=[O:2])C(C(F)(F)F)=C1.[H:3][AlH3-:4]|((4, 3), 1);((1, 2), 4)","NC1=CC=C([C:1](N2CCOCC2)=[O:2])C(C(F)(F)F)=C1.[H:3][AlH3-:4]|((4, 3), 1);((1, 2), 4)|TH(1,'mix',())",NC1=CC=C([CH:1]([N:2]2CCOCC2)[O:3][AlH3-])C(C(F)(F)F)=C1
val,10542,1,added_mix,planar_to_tetrahedral,,"COC1=CC=C(C2=CC=CC=C2C(SCC(=O)C2=CC=CC=C2)C(C(N)=O)[O-:1])C=C1.C[C:2](Cl)=[O:3]|(1, 2);((2, 3), 3)","COC1=CC=C(C2=CC=CC=C2C(SCC(=O)C2=CC=CC=C2)C(C(N)=O)[O-:1])C=C1.C[C:2](Cl)=[O:3]|(1, 2);((2, 3), 3)|TH(2,'mix',())",COC1=CC=C(C2=CC=CC=C2C(SCC(=O)C2=CC=CC=C2)C(O[C:1](C)([O-:2])[Cl:3])C(N)=O)C=C1
val,10556,2,added_mix,planar_to_tetrahedral,,"CC1=C([C:1](OC(=NC2CCCCC2)NC2CCCCC2)=[O:2])SC(N2CCN(CC3=CC=CC=C3)C2=O)=N1.FC1=CC(F)=CC(C[NH2:3])=C1|(3, 1);((1, 2), 2)","CC1=C([C:1](OC(=NC2CCCCC2)NC2CCCCC2)=[O:2])SC(N2CCN(CC3=CC=CC=C3)C2=O)=N1.FC1=CC(F)=CC(C[NH2:3])=C1|(3, 1);((1, 2), 2)|TH(1,'mix',())",CC1=C(C([O-])(OC(NC2CCCCC2)=[N:1]C2CCCCC2)[NH+:2](CC2=CC(F)=CC(F)=C2)[H:3])SC(N2CCN(CC3=CC=CC=C3)C2=O)=N1
val,10601,3,no_matching_mode,planar_to_tetrahedral,,"NC(SC(CC1=CC=C([N+](=O)O)C=C1)[C:1](C1=CC=C(F)C=C1)=[OH+:2])=[NH:3]|(3, 1);((1, 2), 2)","NC(SC(CC1=CC=C([N+](=O)O)C=C1)[C:1](C1=CC=C(F)C=C1)=[OH+:2])=[NH:3]|(3, 1);((1, 2), 2)",NC1=[N+:1]([H:2])C(O)(C2=CC=C(F)C=C2)C(CC2=CC=C([N+](=O)O)C=C2)S1.[Br-:3]
val,1054,0,added_mix,planar_to_tetrahedral,,"CC1=C(CCN2CCCCC2CC2CCCCC2)C2=CC(OC(C)(C)C)=CC=C2[NH:1]1.Cl[C:2](C1=CC=CC=C1)=[O:3]|(1, 2);((2, 3), 3)","CC1=C(CCN2CCCCC2CC2CCCCC2)C2=CC(OC(C)(C)C)=CC=C2[NH:1]1.Cl[C:2](C1=CC=CC=C1)=[O:3]|(1, 2);((2, 3), 3)|TH(2,'mix',())",CC1=C(CCN2CCCCC2CC2CCCCC2)C2=CC(OC(C)(C)C)=CC=C2[NH+]1[C:1](C1=CC=CC=C1)([O-:2])[Cl:3]
val,10609,1,added_mix,planar_to_tetrahedral,,"C1=CC=C([P+:1](C2=CC=CC=C2)(C2=CC=CC=C2)[CH-:2]C2=CC=C(C3=NC4=CC=CC=C4O3)C=C2)C=C1.CCOC(=O)C1CC1[CH:3]=[O:4]|(2, 3);((3, 4), 1)","C1=CC=C([P+:1](C2=CC=CC=C2)(C2=CC=CC=C2)[CH-:2]C2=CC=C(C3=NC4=CC=CC=C4O3)C=C2)C=C1.CCOC(=O)C1CC1[CH:3]=[O:4]|(2, 3);((3, 4), 1)|TH(3,'mix',())",CCOC(=O)C1CC1[CH:1]1C(C2=CC=C(C3=NC4=CC=CC=C4O3)C=C2)[P:2](C2=CC=CC=C2)(C2=CC=CC=C2)(C2=CC=CC=C2)[O:3]1
val,1062,0,added_mix,planar_to_tetrahedral,,"CC1=NC2=CC=CC=C2N1C1CC2CCC(C1)N2CCC1(C2=CC=CC=C2)CC[NH:1]CC1.Cl[C:2](C1=CC=CC=C1)=[O:3]|(1, 2);((2, 3), 3)","CC1=NC2=CC=CC=C2N1C1CC2CCC(C1)N2CCC1(C2=CC=CC=C2)CC[NH:1]CC1.Cl[C:2](C1=CC=CC=C1)=[O:3]|(1, 2);((2, 3), 3)|TH(2,'mix',())",CC1=NC2=CC=CC=C2N1C1CC2CCC(C1)N2CCC1(C2=CC=CC=C2)CC[NH+]([C:1](C2=CC=CC=C2)([O-:2])[Cl:3])CC1
val,10626,0,no_matching_mode,planar_to_tetrahedral,,"CCO[C:1](C1=CC=CC(N(CC(=O)OC(C)(C)C)C(=O)OC(C)(C)C)=N1)=[O:2].[H:3][AlH3-:4]|((4, 3), 1);((1, 2), 2)","CCO[C:1](C1=CC=CC(N(CC(=O)OC(C)(C)C)C(=O)OC(C)(C)C)=N1)=[O:2].[H:3][AlH3-:4]|((4, 3), 1);((1, 2), 2)",CC[O:1][CH:2](C1=CC=CC(N(CC(=O)OC(C)(C)C)C(=O)OC(C)(C)C)=N1)[O-:3]
val,10638,1,no_matching_mode,planar_to_tetrahedral,,"CNS(=O)(=O)C1=CC=C2N[C:1]([O-:2])=[CH:3]C2=C1C.O=C1OCCC2=C([CH:4]=[O:5])NC=C12|(2, 1);((1, 3), 4);((4, 5), 5)","CNS(=O)(=O)C1=CC=C2N[C:1]([O-:2])=[CH:3]C2=C1C.O=C1OCCC2=C([CH:4]=[O:5])NC=C12|(2, 1);((1, 3), 4);((4, 5), 5)",CNS(=O)(=O)C1=CC=C2NC(=O)C(C(C3=C4CCOC(=O)C4=CN3)[O-:1])C2=C1C.[H:2][OH:3]
val,10643,1,added_mix,planar_to_tetrahedral,,"C[O-:1].Cl[C:2](C1=CC=CC(CBr)=C1)=[O:3]|(1, 2);((2, 3), 3)","C[O-:1].Cl[C:2](C1=CC=CC(CBr)=C1)=[O:3]|(1, 2);((2, 3), 3)|TH(2,'mix',())",CO[C:1](C1=CC=CC(CBr)=C1)([O-:2])[Cl:3]
val,10721,0,added_mix,planar_to_tetrahedral,,"C[S:1](C)=[O:2].O=C(Cl)[C:3](Cl)=[O:4]|((1, 2), 3);((3, 4), 4)","C[S:1](C)=[O:2].O=C(Cl)[C:3](Cl)=[O:4]|((1, 2), 3);((3, 4), 4)|TH(3,'mix',())",C[S+](C)O[C:1](C(=O)Cl)([O-:2])[Cl:3]
val,10702,2,added_mix,planar_to_tetrahedral,,"C1=CC=C2C[NH:1]CC2=C1.OC1=CC(C(F)(F)F)=CC=C1[C:2](OC(=NC1CCCCC1)NC1CCCCC1)=[O:3]|(1, 2);((2, 3), 3)","C1=CC=C2C[NH:1]CC2=C1.OC1=CC(C(F)(F)F)=CC=C1[C:2](OC(=NC1CCCCC1)NC1CCCCC1)=[O:3]|(1, 2);((2, 3), 3)|TH(2,'mix',())",[O-]C(OC(NC1CCCCC1)=[N:1]C1CCCCC1)(C1=CC=C(C(F)(F)F)C=C1O)[N+:2]1([H:3])CC2=C(C=CC=C2)C1
val,10727,0,added_mix,planar_to_tetrahedral,,"COC1=CC=CC=C1NC(=O)[C@@H]1CC2=C(C[NH:1]1)N=CN2.C[C:2](Cl)=[O:3]|(1, 2);((2, 3), 3)","COC1=CC=CC=C1NC(=O)[C@@H]1CC2=C(C[NH:1]1)N=CN2.C[C:2](Cl)=[O:3]|(1, 2);((2, 3), 3)|TH(2,'mix',())",COC1=CC=CC=C1NC(=O)C1CC2=C(C[NH+]1[C:1](C)([O-:2])[Cl:3])N=CN2
val,10773,0,added_mix,planar_to_tetrahedral,,"Cl[C:1](OCC1=CC=CC=C1)=[O:2].FC1=CC(C2=CC=CC=C2Cl)=C2OC(C[NH2:3])CC2=C1|(3, 1);((1, 2), 2)","Cl[C:1](OCC1=CC=CC=C1)=[O:2].FC1=CC(C2=CC=CC=C2Cl)=C2OC(C[NH2:3])CC2=C1|(3, 1);((1, 2), 2)|TH(1,'mix',())",FC1=CC(C2=CC=CC=C2Cl)=C2OC(C[NH2+][C:1](OCC3=CC=CC=C3)([O-:2])[Cl:3])CC2=C1
val,10807,2,added_mix,planar_to_tetrahedral,,"FC(F)(F)C1=NC(C2=CC([C:1](OC(=NC3CCCCC3)NC3CCCCC3)=[O:2])=CN=C2)=NO1.FC1=CC(C2=NC(CC[NH2:3])=CO2)=CC=C1|(3, 1);((1, 2), 2)","FC(F)(F)C1=NC(C2=CC([C:1](OC(=NC3CCCCC3)NC3CCCCC3)=[O:2])=CN=C2)=NO1.FC1=CC(C2=NC(CC[NH2:3])=CO2)=CC=C1|(3, 1);((1, 2), 2)|TH(1,'mix',())",[O-]C(OC(NC1CCCCC1)=[N:1]C1CCCCC1)(C1=CN=CC(C2=NOC(C(F)(F)F)=N2)=C1)[NH+:2](CCC1=COC(C2=CC=CC(F)=C2)=N1)[H:3]
val,10817,2,added_mix,planar_to_tetrahedral,,"CC(C)CC(C(N)=O)[NH2:1].CC(C)CSC1=NC([C:2](OC(=NC2CCCCC2)NC2CCCCC2)=[O:3])=CC=C1|(1, 2);((2, 3), 3)","CC(C)CC(C(N)=O)[NH2:1].CC(C)CSC1=NC([C:2](OC(=NC2CCCCC2)NC2CCCCC2)=[O:3])=CC=C1|(1, 2);((2, 3), 3)|TH(2,'mix',())",CC(C)CSC1=NC(C([O-])(OC(NC2CCCCC2)=[N:1]C2CCCCC2)[NH+:2](C(CC(C)C)C(N)=O)[H:3])=CC=C1
val,10831,2,added_mix,planar_to_tetrahedral,,"CC(C)(C)OC(=O)NC1=NC2=C(C=CC(Br)=C2)C=C([C:1](OC(=NC2CCCCC2)NC2CCCCC2)=[O:2])C1.CCC[NH:3]CCCF|(3, 1);((1, 2), 2)","CC(C)(C)OC(=O)NC1=NC2=C(C=CC(Br)=C2)C=C([C:1](OC(=NC2CCCCC2)NC2CCCCC2)=[O:2])C1.CCC[NH:3]CCCF|(3, 1);((1, 2), 2)|TH(1,'mix',())",CCC[N+:1](CCCF)(C([O-])(OC(NC1CCCCC1)=[N:2]C1CCCCC1)C1=CC2=C(C=C(Br)C=C2)N=C(NC(=O)OC(C)(C)C)C1)[H:3]
val,10856,2,added_mix,planar_to_tetrahedral,,"C1=CC=C(CC[NH2:1])N=C1.O=C(NCC1=CC=CC=C1C1=C([C:2](OC(=NC2CCCCC2)NC2CCCCC2)=[O:3])C=CC=C1)OCC1=CC=CC=C1|(1, 2);((2, 3), 3)","C1=CC=C(CC[NH2:1])N=C1.O=C(NCC1=CC=CC=C1C1=C([C:2](OC(=NC2CCCCC2)NC2CCCCC2)=[O:3])C=CC=C1)OCC1=CC=CC=C1|(1, 2);((2, 3), 3)|TH(2,'mix',())",O=C(NCC1=CC=CC=C1C1=CC=CC=C1C([O-])(OC(NC1CCCCC1)=[N:1]C1CCCCC1)[NH+:2](CCC1=CC=CC=N1)[H:3])OCC1=CC=CC=C1
val,1083,0,added_mix,planar_to_tetrahedral,,"CC1CCC(=O)C(C[C:1](C2=CC=CC=C2)=[O:2])C1.CCN(CC)CC[NH2:3]|(3, 1);((1, 2), 2)","CC1CCC(=O)C(C[C:1](C2=CC=CC=C2)=[O:2])C1.CCN(CC)CC[NH2:3]|(3, 1);((1, 2), 2)|TH(1,'mix',())",CCN(CC)CC[NH+:1](C(CC1CC(C)CCC1=O)(C1=CC=CC=C1)[O-:2])[H:3]
val,1083,2,added_mix,planar_to_tetrahedral,,"CCN(CC)CC[NH:1]C(O)(CC1CC(C)CC[C:2]1=[O:3])C1=CC=CC=C1|(1, 2);((2, 3), 3)","CCN(CC)CC[NH:1]C(O)(CC1CC(C)CC[C:2]1=[O:3])C1=CC=CC=C1|(1, 2);((2, 3), 3)|TH(2,'mix',())",CCN(CC)CC[N+:1]1([H:2])C(O)(C2=CC=CC=C2)CC2CC(C)CCC21[O-:3]
val,10865,2,added_mix,planar_to_tetrahedral,,"C1=CC=C(C2CC[NH:1]C2)C=C1.COC1=CC=C(C2=C([C:2](OC(=NC3CCCCC3)NC3CCCCC3)=[O:3])C=NO2)C=C1|(1, 2);((2, 3), 3)","C1=CC=C(C2CC[NH:1]C2)C=C1.COC1=CC=C(C2=C([C:2](OC(=NC3CCCCC3)NC3CCCCC3)=[O:3])C=NO2)C=C1|(1, 2);((2, 3), 3)|TH(2,'mix',())",COC1=CC=C(C2=C(C([O-])(OC(NC3CCCCC3)=[N:1]C3CCCCC3)[N+:2]3([H:3])CCC(C4=CC=CC=C4)C3)C=NO2)C=C1
val,10902,2,added_mix,planar_to_tetrahedral,,"CC1=NNN=C1[C:1](OC(=NC1CCCCC1)NC1CCCCC1)=[O:2].N#CC1=CC(Cl)=CC(OC2=C(Cl)C=CC(C[NH2:3])=C2F)=C1|(3, 1);((1, 2), 2)","CC1=NNN=C1[C:1](OC(=NC1CCCCC1)NC1CCCCC1)=[O:2].N#CC1=CC(Cl)=CC(OC2=C(Cl)C=CC(C[NH2:3])=C2F)=C1|(3, 1);((1, 2), 2)|TH(1,'mix',())",CC1=NNN=C1C([O-])(OC(NC1CCCCC1)=[N:1]C1CCCCC1)[NH+:2](CC1=CC=C(Cl)C(OC2=CC(Cl)=CC(C#N)=C2)=C1F)[H:3]
val,10887,2,added_mix,planar_to_tetrahedral,,"COC(=O)CC1=C(N(C)C)N=C(CC2=CC=C([NH2:1])C=C2)N=C1N(C)C.FC(F)(F)C1=CC=C([C:2](OC(=NC2CCCCC2)NC2CCCCC2)=[O:3])C=C1|(1, 2);((2, 3), 3)","COC(=O)CC1=C(N(C)C)N=C(CC2=CC=C([NH2:1])C=C2)N=C1N(C)C.FC(F)(F)C1=CC=C([C:2](OC(=NC2CCCCC2)NC2CCCCC2)=[O:3])C=C1|(1, 2);((2, 3), 3)|TH(2,'mix',())",COC(=O)CC1=C(N(C)C)N=C(CC2=CC=C([NH+:1](C([O-])(OC(NC3CCCCC3)=[N:2]C3CCCCC3)C3=CC=C(C(F)(F)F)C=C3)[H:3])C=C2)N=C1N(C)C
val,10877,1,added_mix,planar_to_tetrahedral,,"CC(C)OC(OC(C)C)C(C)(C)C(=O)C(C)C(C(C)COCC1=CC=CC=C1)[O-:1].ClC(Cl)(Cl)CO[C:2](Cl)=[O:3]|(1, 2);((2, 3), 3)","CC(C)OC(OC(C)C)C(C)(C)C(=O)C(C)C(C(C)COCC1=CC=CC=C1)[O-:1].ClC(Cl)(Cl)CO[C:2](Cl)=[O:3]|(1, 2);((2, 3), 3)|TH(2,'mix',())",CC(C)OC(OC(C)C)C(C)(C)C(=O)C(C)C(O[C:1](OCC(Cl)(Cl)Cl)([O-:2])[Cl:3])C(C)COCC1=CC=CC=C1
val,10927,2,added_mix,planar_to_tetrahedral,,"COC1=C([C:1](OC(=NC2CCCCC2)NC2CCCCC2)=[O:2])C=CC=C1.O=C1CC2(CC[NH:3]CC2)OC2=C1C=CC=C2|(3, 1);((1, 2), 2)","COC1=C([C:1](OC(=NC2CCCCC2)NC2CCCCC2)=[O:2])C=CC=C1.O=C1CC2(CC[NH:3]CC2)OC2=C1C=CC=C2|(3, 1);((1, 2), 2)|TH(1,'mix',())",COC1=C(C([O-])(OC(NC2CCCCC2)=[N:1]C2CCCCC2)[N+:2]2([H:3])CCC3(CC2)CC(=O)C2=C(C=CC=C2)O3)C=CC=C1
val,10925,3,no_matching_mode,planar_to_tetrahedral,,"FC(F)(F)C1=CC=C(C(SC2CNCC[C:1]2=[OH+:2])=[NH:3])C=C1|(3, 1);((1, 2), 2)","FC(F)(F)C1=CC=C(C(SC2CNCC[C:1]2=[OH+:2])=[NH:3])C=C1|(3, 1);((1, 2), 2)",OC12CCNCC1SC(C1=CC=C(C(F)(F)F)C=C1)=[N+:1]2[H:2].[Br-:3]
val,10935,2,added_mix,planar_to_tetrahedral,,"C1=CN=CC([C:1](OC(=NC2CCCCC2)NC2CCCCC2)=[O:2])=C1.O=C(C1=CC=CC=C1)C1=CC(Cl)=CC=C1[OH:3]|(3, 1);((1, 2), 2)","C1=CN=CC([C:1](OC(=NC2CCCCC2)NC2CCCCC2)=[O:2])=C1.O=C(C1=CC=CC=C1)C1=CC(Cl)=CC=C1[OH:3]|(3, 1);((1, 2), 2)|TH(1,'mix',())",O=C(C1=CC=CC=C1)C1=CC(Cl)=CC=C1[O+:1](C([O-])(OC(NC1CCCCC1)=[N:2]C1CCCCC1)C1=CC=CN=C1)[H:3]
val,10972,0,added_mix,planar_to_tetrahedral,,"C[S:1](C)=[O:2].O=C(Cl)[C:3](Cl)=[O:4]|((1, 2), 3);((3, 4), 4)","C[S:1](C)=[O:2].O=C(Cl)[C:3](Cl)=[O:4]|((1, 2), 3);((3, 4), 4)|TH(3,'mix',())",C[S+](C)O[C:1](C(=O)Cl)([O-:2])[Cl:3]
val,10975,2,added_mix,planar_to_tetrahedral,,"CCOC(=O)C(C)(C)OC1=CC=C(C[NH2:1])C(Cl)=C1.FC(F)(F)C1=CC=C(C2=NC=C([C:2](OC(=NC3CCCCC3)NC3CCCCC3)=[O:3])C(C3CC3)=N2)C=C1|(1, 2);((2, 3), 3)","CCOC(=O)C(C)(C)OC1=CC=C(C[NH2:1])C(Cl)=C1.FC(F)(F)C1=CC=C(C2=NC=C([C:2](OC(=NC3CCCCC3)NC3CCCCC3)=[O:3])C(C3CC3)=N2)C=C1|(1, 2);((2, 3), 3)|TH(2,'mix',())",CCOC(=O)C(C)(C)OC1=CC=C(C[NH+:1](C([O-])(OC(NC2CCCCC2)=[N:2]C2CCCCC2)C2=CN=C(C3=CC=C(C(F)(F)F)C=C3)N=C2C2CC2)[H:3])C(Cl)=C1
val,10966,0,no_matching_mode,planar_to_tetrahedral,,"COCOC1=CC=CC([CH:1]=[O:2])=C1.[CH3:3][Mg+:4]|((4, 3), 1);((1, 2), 4)","COCOC1=CC=CC([CH:1]=[O:2])=C1.[CH3:3][Mg+:4]|((4, 3), 1);((1, 2), 4)",COCOC1=CC=CC(C(C)[O][Mg+:1])=C1.[OH2:2]
val,10984,0,added_mix,planar_to_tetrahedral,,"CCO[C:1](C1=CC(C2=CC=NC(NC3=CC=CC(Cl)=C3)=N2)=CC=N1)=[O:2].CC[NH:3]CC|(3, 1);((1, 2), 2)","CCO[C:1](C1=CC(C2=CC=NC(NC3=CC=CC(Cl)=C3)=N2)=CC=N1)=[O:2].CC[NH:3]CC|(3, 1);((1, 2), 2)|TH(1,'mix',())",CC[NH+](CC)[C:1](C1=CC(C2=CC=NC(NC3=CC=CC(Cl)=C3)=N2)=CC=N1)([O-:2])[O:3]CC
val,11045,2,added_mix,planar_to_tetrahedral,,"C1=CC=C(CCCC(CCCC2=CC=CC=C2)[NH2:1])C=C1.CC(C)(C)OC(=O)N1CCCC([C:2](OC(=NC2CCCCC2)NC2CCCCC2)=[O:3])C1|(1, 2);((2, 3), 3)","C1=CC=C(CCCC(CCCC2=CC=CC=C2)[NH2:1])C=C1.CC(C)(C)OC(=O)N1CCCC([C:2](OC(=NC2CCCCC2)NC2CCCCC2)=[O:3])C1|(1, 2);((2, 3), 3)|TH(2,'mix',())",CC(C)(C)OC(=O)N1CCCC(C([O-])(OC(NC2CCCCC2)=[N:1]C2CCCCC2)[NH+:2](C(CCCC2=CC=CC=C2)CCCC2=CC=CC=C2)[H:3])C1
val,11018,2,added_mix,planar_to_tetrahedral,,"BrC1=CN2N=C([C:1](OC(=NC3CCCCC3)NC3CCCCC3)=[O:2])C=C2N=C1.CC1C2=C(CC[NH:3]1)C(Br)=CO2|(3, 1);((1, 2), 2)","BrC1=CN2N=C([C:1](OC(=NC3CCCCC3)NC3CCCCC3)=[O:2])C=C2N=C1.CC1C2=C(CC[NH:3]1)C(Br)=CO2|(3, 1);((1, 2), 2)|TH(1,'mix',())",CC1C2=C(CC[N+:1]1(C([O-])(OC(NC1CCCCC1)=[N:2]C1CCCCC1)C1=NN3C=C(Br)C=NC3=C1)[H:3])C(Br)=CO2
val,11017,0,added_mix,planar_to_tetrahedral,,"CC1=CC(NC2=NC=NC3=CC=C(C#CC4CCC[NH:1]C4)C=C32)=CC=C1OC1=CC=CC=C1.CC[CH:2]=[O:3].[H+:4]|(1, 2);((2, 3), 4)","CC1=CC(NC2=NC=NC3=CC=C(C#CC4CCC[NH:1]C4)C=C32)=CC=C1OC1=CC=CC=C1.CC[CH:2]=[O:3].[H+:4]|(1, 2);((2, 3), 4)|TH(2,'mix',())",CCC([N+:1]1([H:2])CCCC(C#CC2=CC=C3N=CN=C(NC4=CC(C)=C(OC5=CC=CC=C5)C=C4)C3=C2)C1)[OH:3]
val,1135,1,no_matching_mode,planar_to_tetrahedral,,"C1=CN=CC([CH:1]=[O:2])=C1.CC12CCC3C4=CC=C(O)C=C4CCC3C1C[CH:3]=[C:4]2[O-:5]|(5, 4);((4, 3), 1);((1, 2), 2)","C1=CN=CC([CH:1]=[O:2])=C1.CC12CCC3C4=CC=C(O)C=C4CCC3C1C[CH:3]=[C:4]2[O-:5]|(5, 4);((4, 3), 1);((1, 2), 2)",CC12CCC3C4=CC=C(O)C=C4CCC3C1CC(C(C1=CC=CN=C1)[O-:1])C2=O.[H:2][OH:3]
val,11077,0,added_mix,planar_to_tetrahedral,,"CC(C)(CCl)[C:1](Cl)=[O:2].CN(C)C(=O)C1=CC=C([NH2:3])C=C1Cl|(3, 1);((1, 2), 2)","CC(C)(CCl)[C:1](Cl)=[O:2].CN(C)C(=O)C1=CC=C([NH2:3])C=C1Cl|(3, 1);((1, 2), 2)|TH(1,'mix',())",CN(C)C(=O)C1=CC=C([NH2+][C:1](C(C)(C)CCl)([O-:2])[Cl:3])C=C1Cl
val,1100,0,added_mix,planar_to_tetrahedral,,"CO/N=C(/C1=CC=CC=C1OC1=CC=CC(C)=C1)[C:1](OC)=[O:2].C[NH2:3]|(3, 1);((1, 2), 2)","CO/N=C(/C1=CC=CC=C1OC1=CC=CC(C)=C1)[C:1](OC)=[O:2].C[NH2:3]|(3, 1);((1, 2), 2)|TH(1,'mix',())",C[NH2+][C:1](C(=NOC)C1=CC=CC=C1OC1=CC=CC(C)=C1)([O-:2])[O:3]C
val,11107,2,added_mix,planar_to_tetrahedral,,"CC(C)(NC(=O)OCC1=CC=CC=C1)[C:1](OC(=NC1CCCCC1)NC1CCCCC1)=[O:2].CCOC(=O)C(CO)[NH2:3]|(3, 1);((1, 2), 2)","CC(C)(NC(=O)OCC1=CC=CC=C1)[C:1](OC(=NC1CCCCC1)NC1CCCCC1)=[O:2].CCOC(=O)C(CO)[NH2:3]|(3, 1);((1, 2), 2)|TH(1,'mix',())",CCOC(=O)C(CO)[NH+:1](C([O-])(OC(NC1CCCCC1)=[N:2]C1CCCCC1)C(C)(C)NC(=O)OCC1=CC=CC=C1)[H:3]
test,10002,0,added_mix,planar_to_tetrahedral,,"C1C[NH:1]CCO1.CC1=CC2=NC(C3=CC=CC(C)=N3)=C(C3=CC(C4=CC=C([CH:2]=[O:3])C=C4)=NC=C3)N2C=C1.[H+:4]|(1, 2);((2, 3), 4)","C1C[NH:1]CCO1.CC1=CC2=NC(C3=CC=CC(C)=N3)=C(C3=CC(C4=CC=C([CH:2]=[O:3])C=C4)=NC=C3)N2C=C1.[H+:4]|(1, 2);((2, 3), 4)|TH(2,'mix',())",CC1=CC2=NC(C3=CC=CC(C)=N3)=C(C3=CC(C4=CC=C(C([N+:1]5([H:2])CCOCC5)[OH:3])C=C4)=NC=C3)N2C=C1
test,9996,0,no_matching_mode,planar_to_tetrahedral,,"BrC1=CC([CH:1]=[O:2])=CC=C1.C[C:3](C)(C)[Mg+:4]|((4, 3), 1);((1, 2), 4)","BrC1=CC([CH:1]=[O:2])=CC=C1.C[C:3](C)(C)[Mg+:4]|((4, 3), 1);((1, 2), 4)",CC(C)(C)C([O][Mg+:1])C1=CC=CC(Br)=C1.[OH2:2]
test,10022,2,added_mix,planar_to_tetrahedral,,"C1=CC([C:1](OC(=NC2CCCCC2)NC2CCCCC2)=[O:2])=CC=C1N1CCOCC1.C1=CC2=C(CCO2)C(N2CCN(CCC3CCC([NH2:3])CC3)CC2)=N1|(3, 1);((1, 2), 2)","C1=CC([C:1](OC(=NC2CCCCC2)NC2CCCCC2)=[O:2])=CC=C1N1CCOCC1.C1=CC2=C(CCO2)C(N2CCN(CCC3CCC([NH2:3])CC3)CC2)=N1|(3, 1);((1, 2), 2)|TH(1,'mix',())",[O-]C(OC(NC1CCCCC1)=[N:1]C1CCCCC1)(C1=CC=C(N2CCOCC2)C=C1)[NH+:2](C1CCC(CCN2CCN(C3=NC=CC4=C3CCO4)CC2)CC1)[H:3]
test,10010,0,added_mix,planar_to_tetrahedral,,"Cl[C:1](C1CCCCC1)=[O:2].NC(=O)C1=CC=CC=C1[NH2:3]|(3, 1);((1, 2), 2)","Cl[C:1](C1CCCCC1)=[O:2].NC(=O)C1=CC=CC=C1[NH2:3]|(3, 1);((1, 2), 2)|TH(1,'mix',())",NC(=O)C1=CC=CC=C1[NH2+][C:1](C1CCCCC1)([O-:2])[Cl:3]
test,10027,2,added_mix,planar_to_tetrahedral,,"CC(C)N1C=C([C:1](OC(=NC2CCCCC2)NC2CCCCC2)=[O:2])C2=C1C=C(Cl)C=C2.CC1=CN=C([NH2:3])S1|(3, 1);((1, 2), 2)","CC(C)N1C=C([C:1](OC(=NC2CCCCC2)NC2CCCCC2)=[O:2])C2=C1C=C(Cl)C=C2.CC1=CN=C([NH2:3])S1|(3, 1);((1, 2), 2)|TH(1,'mix',())",CC1=CN=C([NH+:1](C([O-])(OC(NC2CCCCC2)=[N:2]C2CCCCC2)C2=CN(C(C)C)C3=C2C=CC(Cl)=C3)[H:3])S1
test,10069,1,no_matching_mode,planar_to_tetrahedral,,"O=C(NC1CC1)C(=O)[O-:1].[C]1=NC=CN1[C:2](N1[C]=[NH+]C=C1)=[O:3]|(1, 2);((2, 3), 3)","O=C(NC1CC1)C(=O)[O-:1].[C]1=NC=CN1[C:2](N1[C]=[NH+]C=C1)=[O:3]|(1, 2);((2, 3), 3)",O=C(NC1CC1)C(=O)O[C:1](N1[C]=NC=C1)([O-:2])[N:3]1C=C[NH+:4]=[C:5]1
test,10069,3,no_matching_mode,planar_to_tetrahedral,,"NC1=CC=CN=C1[NH:1]C1=CC=C(Cl)C(F)=C1.O=C(O[C:2](C(=O)NC1CC1)=[O:3])N1[C]=NC=C1|(1, 2);((2, 3), 3)","NC1=CC=CN=C1[NH:1]C1=CC=C(Cl)C(F)=C1.O=C(O[C:2](C(=O)NC1CC1)=[O:3])N1[C]=NC=C1|(1, 2);((2, 3), 3)",NC1=CC=CN=C1[NH+](C1=CC=C(Cl)C(F)=C1)[C:1](C(=O)NC1CC1)([O-:2])[O:3][C:4](=O)[N:5]1C=C[N:6]=[C:7]1
test,10069,6,added_mix,planar_to_tetrahedral,,"O=C(NC1CC1)[C:1](N(C1=CC=C(Cl)C(F)=C1)C1=C([NH2:2])C=CC=N1)=[O:3]|(2, 1);((1, 3), 3)","O=C(NC1CC1)[C:1](N(C1=CC=C(Cl)C(F)=C1)C1=C([NH2:2])C=CC=N1)=[O:3]|(2, 1);((1, 3), 3)|TH(1,'mix',())",O=C(NC1CC1)C1([O-:1])N(C2=CC=C(Cl)C(F)=C2)C2=NC=CC=C2[NH+:2]1[H:3]
test,10052,0,added_mix,planar_to_tetrahedral,,"CC(C)(C)OC(=O)O[C:1](OC(C)(C)C)=[O:2].COC(=O)C1=CC=C2C[NH:3]CC2=C1|(3, 1);((1, 2), 2)","CC(C)(C)OC(=O)O[C:1](OC(C)(C)C)=[O:2].COC(=O)C1=CC=C2C[NH:3]CC2=C1|(3, 1);((1, 2), 2)|TH(1,'mix',())",COC(=O)C1=CC=C2C[NH+]([C:1](OC(C)(C)C)([O-:2])[O:3]C(=O)OC(C)(C)C)CC2=C1
test,10092,2,added_mix,planar_to_tetrahedral,,"CC(C)(O)C[C:1](OC(=NC1CCCCC1)NC1CCCCC1)=[O:2].FC(F)(F)C1=CSC(C2=CC(OC3=CC=C(NC4=C5C(=NC=N4)C=CN5CC[NH2:3])C=C3Cl)=CC=C2)=N1|(3, 1);((1, 2), 2)","CC(C)(O)C[C:1](OC(=NC1CCCCC1)NC1CCCCC1)=[O:2].FC(F)(F)C1=CSC(C2=CC(OC3=CC=C(NC4=C5C(=NC=N4)C=CN5CC[NH2:3])C=C3Cl)=CC=C2)=N1|(3, 1);((1, 2), 2)|TH(1,'mix',())",CC(C)(O)CC([O-])(OC(NC1CCCCC1)=[N:1]C1CCCCC1)[NH+:2](CCN1C=CC2=NC=NC(NC3=CC=C(OC4=CC=CC(C5=NC(C(F)(F)F)=CS5)=C4)C(Cl)=C3)=C21)[H:3]
test,10111,2,added_mix,planar_to_tetrahedral,,"COC1=CC(OCC2CC(O)C[NH:1]2)=C2C(=C1)N=CN=C2NC1=CC=C(F)C(Cl)=C1.OC[C:2](OC(=NC1CCCCC1)NC1CCCCC1)=[O:3]|(1, 2);((2, 3), 3)","COC1=CC(OCC2CC(O)C[NH:1]2)=C2C(=C1)N=CN=C2NC1=CC=C(F)C(Cl)=C1.OC[C:2](OC(=NC1CCCCC1)NC1CCCCC1)=[O:3]|(1, 2);((2, 3), 3)|TH(2,'mix',())",COC1=CC2=C(C(OCC3CC(O)C[N+:1]3(C([O-])(CO)OC(NC3CCCCC3)=[N:2]C3CCCCC3)[H:3])=C1)C(NC1=CC=C(F)C(Cl)=C1)=NC=N2
test,10161,2,added_mix,planar_to_tetrahedral,,"COCCN(C)C1=CC=C([NH2:1])C=N1.FC(F)(F)C1=NN(C2=CC=CC=C2)C=C1[C:2](OC(=NC1CCCCC1)NC1CCCCC1)=[O:3]|(1, 2);((2, 3), 3)","COCCN(C)C1=CC=C([NH2:1])C=N1.FC(F)(F)C1=NN(C2=CC=CC=C2)C=C1[C:2](OC(=NC1CCCCC1)NC1CCCCC1)=[O:3]|(1, 2);((2, 3), 3)|TH(2,'mix',())",COCCN(C)C1=CC=C([NH+:1](C([O-])(OC(NC2CCCCC2)=[N:2]C2CCCCC2)C2=CN(C3=CC=CC=C3)N=C2C(F)(F)F)[H:3])C=N1
test,10173,3,no_matching_mode,planar_to_tetrahedral,,"O=C(OCC1=CC=CC=C1)N1CCN(C(SC[C:1](C2=CC=CC=C2F)=[OH+:2])=[NH:3])CC1|(3, 1);((1, 2), 2)","O=C(OCC1=CC=CC=C1)N1CCN(C(SC[C:1](C2=CC=CC=C2F)=[OH+:2])=[NH:3])CC1|(3, 1);((1, 2), 2)",O=C(OCC1=CC=CC=C1)N1CCN(C2=[N+:1]([H:2])C(O)(C3=CC=CC=C3F)CS2)CC1.[Br-:3]
test,10179,2,no_matching_mode,planar_to_tetrahedral,,"C1=CC(C[C:1](OC(=NC2CCCCC2)NC2CCCCC2)=[O:2])=CC=N1.NC1=NS(=O)(=O)NC2=CC=CC(OCC3CCCC[NH2+:3]3)=C21|(3, 1);((1, 2), 2)","C1=CC(C[C:1](OC(=NC2CCCCC2)NC2CCCCC2)=[O:2])=CC=N1.NC1=NS(=O)(=O)NC2=CC=CC(OCC3CCCC[NH2+:3]3)=C21|(3, 1);((1, 2), 2)",C1=CC(C[C:1](=[O:2])[O:3]C(NC2CCCCC2)=[N:4]C2CCCCC2)=CC=N1.NC1=NS(=O)(=O)NC2=CC=CC(OCC3CCCC[NH+:5]3[H:6])=C21
test,10176,0,added_mix,planar_to_tetrahedral,,"CC(C)(C)OC(=O)O[C:1](OC(C)(C)C)=[O:2].CCOC1=CC=C2C=C[NH:3]C2=C1|(3, 1);((1, 2), 2)","CC(C)(C)OC(=O)O[C:1](OC(C)(C)C)=[O:2].CCOC1=CC=C2C=C[NH:3]C2=C1|(3, 1);((1, 2), 2)|TH(1,'mix',())",CCOC1=CC=C2C=C[NH+]([C:1](OC(C)(C)C)([O-:2])[O:3]C(=O)OC(C)(C)C)C2=C1
test,10217,2,added_mix,planar_to_tetrahedral,,"CC1=C([C:1](OC(=NC2CCCCC2)NC2CCCCC2)=[O:2])SC=C1.O=C(NCC(=O)N1CC[NH:3]CC1)C1=CC=C(OCC2=CC=CC=C2)C=C1|(3, 1);((1, 2), 2)","CC1=C([C:1](OC(=NC2CCCCC2)NC2CCCCC2)=[O:2])SC=C1.O=C(NCC(=O)N1CC[NH:3]CC1)C1=CC=C(OCC2=CC=CC=C2)C=C1|(3, 1);((1, 2), 2)|TH(1,'mix',())",CC1=C(C([O-])(OC(NC2CCCCC2)=[N:1]C2CCCCC2)[N+:2]2([H:3])CCN(C(=O)CNC(=O)C3=CC=C(OCC4=CC=CC=C4)C=C3)CC2)SC=C1
test,10220,2,added_mix,planar_to_tetrahedral,,"CC(C)(CO)[NH2:1].COC1=CC=C(N2N=C([C:2](OC(=NC3CCCCC3)NC3CCCCC3)=[O:3])C=C2C2=CC=CC=N2)C=N1|(1, 2);((2, 3), 3)","CC(C)(CO)[NH2:1].COC1=CC=C(N2N=C([C:2](OC(=NC3CCCCC3)NC3CCCCC3)=[O:3])C=C2C2=CC=CC=N2)C=N1|(1, 2);((2, 3), 3)|TH(2,'mix',())",COC1=CC=C(N2N=C(C([O-])(OC(NC3CCCCC3)=[N:1]C3CCCCC3)[NH+:2](C(C)(C)CO)[H:3])C=C2C2=CC=CC=N2)C=N1
test,10267,2,added_mix,planar_to_tetrahedral,,"COC1=C(C)C(C2=CC=C(C3=C([C:1](OC(=NC4CCCCC4)NC4CCCCC4)=[O:2])C=NN3C3CCOC3)C(F)=C2)=C(C)C=N1.[NH3:3]|(3, 1);((1, 2), 2)","COC1=C(C)C(C2=CC=C(C3=C([C:1](OC(=NC4CCCCC4)NC4CCCCC4)=[O:2])C=NN3C3CCOC3)C(F)=C2)=C(C)C=N1.[NH3:3]|(3, 1);((1, 2), 2)|TH(1,'mix',())",COC1=C(C)C(C2=CC=C(C3=C(C([O-])(OC(NC4CCCCC4)=[N:1]C4CCCCC4)[NH2+:2][H:3])C=NN3C3CCOC3)C(F)=C2)=C(C)C=N1
test,10243,1,added_mix,planar_to_tetrahedral,,"CC(C)(C)[C:1](Cl)=[O:2].CC(C1=CC=CC=C1)C1([O-:3])C(=O)NC(=O)NC1=O|(3, 1);((1, 2), 2)","CC(C)(C)[C:1](Cl)=[O:2].CC(C1=CC=CC=C1)C1([O-:3])C(=O)NC(=O)NC1=O|(3, 1);((1, 2), 2)|TH(1,'mix',())",CC(C1=CC=CC=C1)C1(O[C:1](C(C)(C)C)([O-:2])[Cl:3])C(=O)NC(=O)NC1=O
test,10296,1,no_matching_mode,planar_to_tetrahedral,,"CC1=C([CH:1]=[O:2])NC2=C1C(=O)N(CCN1CCCCC1)CC2.FC1=CC(C2=CC=CC3=C2[CH:3]=[C:4]([O-:5])N3)=CC=C1|(5, 4);((4, 3), 1);((1, 2), 2)","CC1=C([CH:1]=[O:2])NC2=C1C(=O)N(CCN1CCCCC1)CC2.FC1=CC(C2=CC=CC3=C2[CH:3]=[C:4]([O-:5])N3)=CC=C1|(5, 4);((4, 3), 1);((1, 2), 2)",CC1=C(C(C2C(=O)NC3=C2C(C2=CC=CC(F)=C2)=CC=C3)[O-:1])NC2=C1C(=O)N(CCN1CCCCC1)CC2.[H:2][OH:3]
test,10360,0,added_mix,planar_to_tetrahedral,,"CCO[C:1](C1=CSC(OC2=CC=CC(C(C)(C)C)=C2)=N1)=[O:2].COC1=NC(NCCCN2CCOCC2)=NC(OC)=C1[NH2:3]|(3, 1);((1, 2), 2)","CCO[C:1](C1=CSC(OC2=CC=CC(C(C)(C)C)=C2)=N1)=[O:2].COC1=NC(NCCCN2CCOCC2)=NC(OC)=C1[NH2:3]|(3, 1);((1, 2), 2)|TH(1,'mix',())",CC[O:1][C:2]([NH2+]C1=C(OC)N=C(NCCCN2CCOCC2)N=C1OC)(C1=CSC(OC2=CC=CC(C(C)(C)C)=C2)=N1)[O-:3]
test,1057,0,added_mix,planar_to_tetrahedral,,"CCOC(=O)C(=O)C[C:1](C1=CC=C(C)C=N1)=[O:2].N[NH:3]C1=CC=CN=C1.[H+:4]|(3, 1);((1, 2), 4)","CCOC(=O)C(=O)C[C:1](C1=CC=C(C)C=N1)=[O:2].N[NH:3]C1=CC=CN=C1.[H+:4]|(3, 1);((1, 2), 4)|TH(1,'mix',())",CCOC(=O)C(=O)CC(C1=CC=C(C)C=N1)([N+:1](N)(C1=CC=CN=C1)[H:2])[OH:3]
test,1057,3,added_mix,planar_to_tetrahedral,,"CCOC(=O)[C:1](CC(C1=CC=C(C)C=N1)=[N+](C1=CC=CN=C1)[NH2:2])=[O:3].[H+:4]|(2, 1);((1, 3), 4)","CCOC(=O)[C:1](CC(C1=CC=C(C)C=N1)=[N+](C1=CC=CN=C1)[NH2:2])=[O:3].[H+:4]|(2, 1);((1, 3), 4)|TH(1,'mix',())",CCOC(=O)C1([OH:1])CC(C2=CC=C(C)C=N2)=[N+](C2=CC=CN=C2)[NH+:2]1[H:3]
test,10474,2,added_mix,planar_to_tetrahedral,,"C1=CC=C([C:1](OC(=NC2CCCCC2)NC2CCCCC2)=[O:2])N=C1.CC1(C)CC2=CC(C(=O)O)=CC=C2NC1C1=CC=CC([NH2:3])=C1|(3, 1);((1, 2), 2)","C1=CC=C([C:1](OC(=NC2CCCCC2)NC2CCCCC2)=[O:2])N=C1.CC1(C)CC2=CC(C(=O)O)=CC=C2NC1C1=CC=CC([NH2:3])=C1|(3, 1);((1, 2), 2)|TH(1,'mix',())",CC1(C)CC2=CC(C(=O)O)=CC=C2NC1C1=CC([NH+:1](C([O-])(OC(NC2CCCCC2)=[N:2]C2CCCCC2)C2=CC=CC=N2)[H:3])=CC=C1
test,10480,0,added_mix,planar_to_tetrahedral,,"CCC1=CC(C)=CC(CC)=C1C(=O)C(=O)N(C)[NH2:1].CC[CH:2]=[O:3].[H+:4]|(1, 2);((2, 3), 4)","CCC1=CC(C)=CC(CC)=C1C(=O)C(=O)N(C)[NH2:1].CC[CH:2]=[O:3].[H+:4]|(1, 2);((2, 3), 4)|TH(2,'mix',())",CCC1=CC(C)=CC(CC)=C1C(=O)C(=O)N(C)[NH+:1](C(CC)[OH:2])[H:3]
test,10528,1,no_matching_mode,planar_to_tetrahedral,,"COC1=CC=C(C(=O)[O-:1])C=C1.[C]1=NC=CN1[C:2](N1[C]=[NH+]C=C1)=[O:3]|(1, 2);((2, 3), 3)","COC1=CC=C(C(=O)[O-:1])C=C1.[C]1=NC=CN1[C:2](N1[C]=[NH+]C=C1)=[O:3]|(1, 2);((2, 3), 3)",COC1=CC=C(C(=O)O[C:1](N2[C]=NC=C2)([O-:2])[N:3]2C=C[NH+:4]=[C:5]2)C=C1
test,10528,3,no_matching_mode,planar_to_tetrahedral,,"COC(=O)C1=CC=CC([NH2:1])=C1N.COC1=CC=C([C:2](OC(=O)N2[C]=NC=C2)=[O:3])C=C1|(1, 2);((2, 3), 3)","COC(=O)C1=CC=CC([NH2:1])=C1N.COC1=CC=C([C:2](OC(=O)N2[C]=NC=C2)=[O:3])C=C1|(1, 2);((2, 3), 3)",COC(=O)C1=CC=CC([NH2+][C:1](C2=CC=C(OC)C=C2)([O-:2])[O:3][C:4](=O)[N:5]2C=C[N:6]=[C:7]2)=C1N
test,10528,6,added_mix,planar_to_tetrahedral,,"COC(=O)C1=C([NH2:1])C(N[C:2](C2=CC=C(OC)C=C2)=[O:3])=CC=C1|(1, 2);((2, 3), 3)","COC(=O)C1=C([NH2:1])C(N[C:2](C2=CC=C(OC)C=C2)=[O:3])=CC=C1|(1, 2);((2, 3), 3)|TH(2,'mix',())",COC(=O)C1=C2C(=CC=C1)NC(C1=CC=C(OC)C=C1)([O-:1])[NH+:2]2[H:3]
test,1072,2,added_mix,planar_to_tetrahedral,,"COC1=CC=C([C:1](OC(=NC2CCCCC2)NC2CCCCC2)=[O:2])C=C1C=CC1=CC=C(OC(F)(F)F)C=C1.OCC(CO)[NH2:3]|(3, 1);((1, 2), 2)","COC1=CC=C([C:1](OC(=NC2CCCCC2)NC2CCCCC2)=[O:2])C=C1C=CC1=CC=C(OC(F)(F)F)C=C1.OCC(CO)[NH2:3]|(3, 1);((1, 2), 2)|TH(1,'mix',())",COC1=CC=C(C([O-])(OC(NC2CCCCC2)=[N:1]C2CCCCC2)[NH+:2](C(CO)CO)[H:3])C=C1C=CC1=CC=C(OC(F)(F)F)C=C1
test,10518,1,added_mix,planar_to_tetrahedral,,"CC1(C2([CH:1]=[O:2])CC2)OCCO1.CCCCCC[CH-:3][P+:4](C1=CC=CC=C1)(C1=CC=CC=C1)C1=CC=CC=C1|(3, 1);((1, 2), 4)","CC1(C2([CH:1]=[O:2])CC2)OCCO1.CCCCCC[CH-:3][P+:4](C1=CC=CC=C1)(C1=CC=CC=C1)C1=CC=CC=C1|(3, 1);((1, 2), 4)|TH(1,'mix',())",CCCCCCC1[CH:1](C2(C3(C)OCCO3)CC2)[O:2][P:3]1(C1=CC=CC=C1)(C1=CC=CC=C1)C1=CC=CC=C1
test,10519,0,added_mix,planar_to_tetrahedral,,"ClC1=CC([C:1](Cl)=[O:2])=CC=C1.N#CC1=C(F)C=CC=C1OCC1CC[NH:3]CC1|(3, 1);((1, 2), 2)","ClC1=CC([C:1](Cl)=[O:2])=CC=C1.N#CC1=C(F)C=CC=C1OCC1CC[NH:3]CC1|(3, 1);((1, 2), 2)|TH(1,'mix',())",N#CC1=C(F)C=CC=C1OCC1CC[NH+]([C:1](C2=CC=CC(Cl)=C2)([O-:2])[Cl:3])CC1
test,10587,2,added_mix,planar_to_tetrahedral,,"CC1=CC=CC(OC2CC[NH:1]CC2)=C1.O=C(NC[C:2](OC(=NC1CCCCC1)NC1CCCCC1)=[O:3])C1=NNC(C2=CC=CC=C2)=C1|(1, 2);((2, 3), 3)","CC1=CC=CC(OC2CC[NH:1]CC2)=C1.O=C(NC[C:2](OC(=NC1CCCCC1)NC1CCCCC1)=[O:3])C1=NNC(C2=CC=CC=C2)=C1|(1, 2);((2, 3), 3)|TH(2,'mix',())",CC1=CC(OC2CC[N+:1](C([O-])(CNC(=O)C3=NNC(C4=CC=CC=C4)=C3)OC(NC3CCCCC3)=[N:2]C3CCCCC3)([H:3])CC2)=CC=C1
test,10558,0,added_mix,planar_to_tetrahedral,,"CCOC(=O)C1=CC=C([NH2:1])C=C1.FC1=CC=C([CH:2]=[O:3])C=C1Br.[H+:4]|(1, 2);((2, 3), 4)","CCOC(=O)C1=CC=C([NH2:1])C=C1.FC1=CC=C([CH:2]=[O:3])C=C1Br.[H+:4]|(1, 2);((2, 3), 4)|TH(2,'mix',())",CCOC(=O)C1=CC=C([NH+:1](C(C2=CC=C(F)C(Br)=C2)[OH:2])[H:3])C=C1
test,10600,2,added_mix,planar_to_tetrahedral,,"C1=CC=C([C:1](OC(=NC2CCCCC2)NC2CCCCC2)=[O:2])N=C1.NC(=O)CNC1=NC=CC=C1[NH2:3]|(3, 1);((1, 2), 2)","C1=CC=C([C:1](OC(=NC2CCCCC2)NC2CCCCC2)=[O:2])N=C1.NC(=O)CNC1=NC=CC=C1[NH2:3]|(3, 1);((1, 2), 2)|TH(1,'mix',())",NC(=O)CNC1=C([NH+:1](C([O-])(OC(NC2CCCCC2)=[N:2]C2CCCCC2)C2=CC=CC=N2)[H:3])C=CC=N1
test,10642,2,added_mix,planar_to_tetrahedral,,"CC(C)OC(=O)C1=CC(C#N)=C(N2CCC([C:1](OC(=NC3CCCCC3)NC3CCCCC3)=[O:2])CC2)N=C1CN1CCCC1=O.O=S(=O)(CC1=CC=C(F)C=C1F)[NH2:3]|(3, 1);((1, 2), 2)","CC(C)OC(=O)C1=CC(C#N)=C(N2CCC([C:1](OC(=NC3CCCCC3)NC3CCCCC3)=[O:2])CC2)N=C1CN1CCCC1=O.O=S(=O)(CC1=CC=C(F)C=C1F)[NH2:3]|(3, 1);((1, 2), 2)|TH(1,'mix',())",CC(C)OC(=O)C1=CC(C#N)=C(N2CCC(C([O-])(OC(NC3CCCCC3)=[N:1]C3CCCCC3)[NH+:2](S(=O)(=O)CC3=CC=C(F)C=C3F)[H:3])CC2)N=C1CN1CCCC1=O
test,10615,0,added_mix,planar_to_tetrahedral,,"CC(C)O[C:1](Cl)=[O:2].N#CC1=CC=C2C(=C1)C1=C(CC([NH2:3])C1)N2CC1=CC=CC=N1|(3, 1);((1, 2), 2)","CC(C)O[C:1](Cl)=[O:2].N#CC1=CC=C2C(=C1)C1=C(CC([NH2:3])C1)N2CC1=CC=CC=N1|(3, 1);((1, 2), 2)|TH(1,'mix',())",CC(C)O[C:1]([NH2+]C1CC2=C(C1)N(CC1=CC=CC=N1)C1=CC=C(C#N)C=C12)([O-:2])[Cl:3]
test,10674,0,added_mix,planar_to_tetrahedral,,"C[NH:1]CC1=CC=CC=C1.O=C(C1=CNC2=CC=CC=C21)[C:2](Cl)=[O:3]|(1, 2);((2, 3), 3)","C[NH:1]CC1=CC=CC=C1.O=C(C1=CNC2=CC=CC=C21)[C:2](Cl)=[O:3]|(1, 2);((2, 3), 3)|TH(2,'mix',())",C[NH+](CC1=CC=CC=C1)[C:1](C(=O)C1=CNC2=CC=CC=C21)([O-:2])[Cl:3]
test,10690,0,added_mix,planar_to_tetrahedral,,"COC1=CC([CH:1]=[O:2])=CC(OC)=C1OC.ClC1=NC2=C(N=CN2C2CCCC2)C(NCC[NH2:3])=N1.[H+:4]|(3, 1);((1, 2), 4)","COC1=CC([CH:1]=[O:2])=CC(OC)=C1OC.ClC1=NC2=C(N=CN2C2CCCC2)C(NCC[NH2:3])=N1.[H+:4]|(3, 1);((1, 2), 4)|TH(1,'mix',())",COC1=CC(C([NH+:1](CCNC2=NC(Cl)=NC3=C2N=CN3C2CCCC2)[H:2])[OH:3])=CC(OC)=C1OC
test,10696,0,added_mix,planar_to_tetrahedral,,"Cl[C:1](C1=CC=CC=C1)=[O:2].IC1=C[NH:3]N=C1|(3, 1);((1, 2), 2)","Cl[C:1](C1=CC=CC=C1)=[O:2].IC1=C[NH:3]N=C1|(3, 1);((1, 2), 2)|TH(1,'mix',())",IC1=C[NH+]([C:1](C2=CC=CC=C2)([O-:2])[Cl:3])N=C1
test,10717,0,added_mix,planar_to_tetrahedral,,"CC(C)(C)OC(=O)C1=C(C2=CC=CC([NH2:1])=C2)C=C(C2=CC=CC=C2O)N=C1N.O=C1CCC([C:2](Cl)=[O:3])O1|(1, 2);((2, 3), 3)","CC(C)(C)OC(=O)C1=C(C2=CC=CC([NH2:1])=C2)C=C(C2=CC=CC=C2O)N=C1N.O=C1CCC([C:2](Cl)=[O:3])O1|(1, 2);((2, 3), 3)|TH(2,'mix',())",CC(C)(C)OC(=O)C1=C(C2=CC=CC([NH2+][C:1](C3CCC(=O)O3)([O-:2])[Cl:3])=C2)C=C(C2=CC=CC=C2O)N=C1N
test,10732,0,added_mix,planar_to_tetrahedral,,"CC[NH:1]C1CCCCC1.ClC[C:2](Cl)=[O:3]|(1, 2);((2, 3), 3)","CC[NH:1]C1CCCCC1.ClC[C:2](Cl)=[O:3]|(1, 2);((2, 3), 3)|TH(2,'mix',())",CC[NH+](C1CCCCC1)[C:1](CCl)([O-:2])[Cl:3]
test,10738,1,added_mix,planar_to_tetrahedral,,"C1CC[O+:1]=[CH:2]C1.CC(C)(C)C(=O)NC1=CC([OH:3])=C(F)C(F)=C1F|(3, 2);((2, 1), 1)","C1CC[O+:1]=[CH:2]C1.CC(C)(C)C(=O)NC1=CC([OH:3])=C(F)C(F)=C1F|(3, 2);((2, 1), 1)|TH(2,'mix',())",CC(C)(C)C(=O)NC1=CC([O+:1](C2CCCCO2)[H:2])=C(F)C(F)=C1F
test,1092,2,added_mix,planar_to_tetrahedral,,"CC1=NN=C2SC([C:1](OC(=NC3CCCCC3)NC3CCCCC3)=[O:2])=C(N)C2=C1C.FCOC1=CC=C(C[NH2:3])C=C1|(3, 1);((1, 2), 2)","CC1=NN=C2SC([C:1](OC(=NC3CCCCC3)NC3CCCCC3)=[O:2])=C(N)C2=C1C.FCOC1=CC=C(C[NH2:3])C=C1|(3, 1);((1, 2), 2)|TH(1,'mix',())",CC1=NN=C2SC(C([O-])(OC(NC3CCCCC3)=[N:1]C3CCCCC3)[NH+:2](CC3=CC=C(OCF)C=C3)[H:3])=C(N)C2=C1C
test,10757,0,added_mix,planar_to_tetrahedral,,"ClC1=CC(C2=CC=C([CH:1]=[O:2])O2)=CC=C1.OC1=CC=CC=C1[NH2:3].[H+:4]|(3, 1);((1, 2), 4)","ClC1=CC(C2=CC=C([CH:1]=[O:2])O2)=CC=C1.OC1=CC=CC=C1[NH2:3].[H+:4]|(3, 1);((1, 2), 4)|TH(1,'mix',())",OC1=CC=CC=C1[NH+:1](C(C1=CC=C(C2=CC=CC(Cl)=C2)O1)[OH:2])[H:3]
test,10795,1,added_mix,planar_to_tetrahedral,,"O=C(O)C1=CN(C2CC2)C2=C(F)C(N3CC(CN[C:1](C(F)(F)F)=[OH+:2])C3)=C(F)C=C2C1=O.[OH2:3]|(3, 1);((1, 2), 2)","O=C(O)C1=CN(C2CC2)C2=C(F)C(N3CC(CN[C:1](C(F)(F)F)=[OH+:2])C3)=C(F)C=C2C1=O.[OH2:3]|(3, 1);((1, 2), 2)|TH(1,'mix',())",O=C(O)C1=CN(C2CC2)C2=C(F)C(N3CC(C[NH:1]C(O)(C(F)(F)F)[OH+:2][H:3])C3)=C(F)C=C2C1=O
test,10844,0,added_mix,planar_to_tetrahedral,,"C[S:1](C)=[O:2].O=C(Cl)[C:3](Cl)=[O:4]|((1, 2), 3);((3, 4), 4)","C[S:1](C)=[O:2].O=C(Cl)[C:3](Cl)=[O:4]|((1, 2), 3);((3, 4), 4)|TH(3,'mix',())",C[S+](C)O[C:1](C(=O)Cl)([O-:2])[Cl:3]
test,1080,0,added_mix,planar_to_tetrahedral,,"CN(CC[NH:1]C)C(=O)C1=CC=C2C(=C1)C1=C(CCC(C3CCOCC3)C1)N2C.Cl[C:2](C1CC1)=[O:3]|(1, 2);((2, 3), 3)","CN(CC[NH:1]C)C(=O)C1=CC=C2C(=C1)C1=C(CCC(C3CCOCC3)C1)N2C.Cl[C:2](C1CC1)=[O:3]|(1, 2);((2, 3), 3)|TH(2,'mix',())",CN(CC[NH+](C)[C:1](C1CC1)([O-:2])[Cl:3])C(=O)C1=CC=C2C(=C1)C1=C(CCC(C3CCOCC3)C1)N2C
test,10886,2,added_mix,planar_to_tetrahedral,,"CC1=NC=C(C(C[NH2:1])C2=CC=NC=C2)C=N1.FC1=C(Cl)C([C:2](OC(=NC2CCCCC2)NC2CCCCC2)=[O:3])=CC=C1|(1, 2);((2, 3), 3)","CC1=NC=C(C(C[NH2:1])C2=CC=NC=C2)C=N1.FC1=C(Cl)C([C:2](OC(=NC2CCCCC2)NC2CCCCC2)=[O:3])=CC=C1|(1, 2);((2, 3), 3)|TH(2,'mix',())",CC1=NC=C(C(C[NH+:1](C([O-])(OC(NC2CCCCC2)=[N:2]C2CCCCC2)C2=CC=CC(F)=C2Cl)[H:3])C2=CC=NC=C2)C=N1
test,1086,0,added_mix,planar_to_tetrahedral,,"CC[NH2:1].CN1C=C([CH:2]=[O:3])C=N1.[H+:4]|(1, 2);((2, 3), 4)","CC[NH2:1].CN1C=C([CH:2]=[O:3])C=N1.[H+:4]|(1, 2);((2, 3), 4)|TH(2,'mix',())",CC[NH+:1](C(C1=CN(C)N=C1)[OH:2])[H:3]
test,10971,2,added_mix,planar_to_tetrahedral,,"C1C[NH:1]CS1.CC(NC(=O)CC1=CC(F)=CC(F)=C1)C(=O)NC(C)[C:2](OC(=NC1CCCCC1)NC1CCCCC1)=[O:3]|(1, 2);((2, 3), 3)","C1C[NH:1]CS1.CC(NC(=O)CC1=CC(F)=CC(F)=C1)C(=O)NC(C)[C:2](OC(=NC1CCCCC1)NC1CCCCC1)=[O:3]|(1, 2);((2, 3), 3)|TH(2,'mix',())",CC(NC(=O)CC1=CC(F)=CC(F)=C1)C(=O)NC(C)C([O-])(OC(NC1CCCCC1)=[N:1]C1CCCCC1)[N+:2]1([H:3])CCSC1
test,10976,0,added_mix,planar_to_tetrahedral,,"C1=NC=C([CH:1]=[O:2])C=N1.CC(C)(C)OC(=O)N1CC[NH:3]CC1.[H+:4]|(3, 1);((1, 2), 4)","C1=NC=C([CH:1]=[O:2])C=N1.CC(C)(C)OC(=O)N1CC[NH:3]CC1.[H+:4]|(3, 1);((1, 2), 4)|TH(1,'mix',())",CC(C)(C)OC(=O)N1CC[N+:1](C(C2=CN=CN=C2)[OH:2])([H:3])CC1
test,11009,2,added_mix,planar_to_tetrahedral,,"CC[NH2:1].ClC1=CC=C(SC2=CN(C3=CC=CC=C3)N=C2C2=CC=C([C:2](OC(=NC3CCCCC3)NC3CCCCC3)=[O:3])C=C2)C=C1|(1, 2);((2, 3), 3)","CC[NH2:1].ClC1=CC=C(SC2=CN(C3=CC=CC=C3)N=C2C2=CC=C([C:2](OC(=NC3CCCCC3)NC3CCCCC3)=[O:3])C=C2)C=C1|(1, 2);((2, 3), 3)|TH(2,'mix',())",CC[NH+:1](C([O-])(OC(NC1CCCCC1)=[N:2]C1CCCCC1)C1=CC=C(C2=NN(C3=CC=CC=C3)C=C2SC2=CC=C(Cl)C=C2)C=C1)[H:3]
test,11053,0,added_mix,planar_to_tetrahedral,,"CC(C)(C)OC(=O)O[C:1](OC(C)(C)C)=[O:2].O=C1N[NH:3]C2=CC=C([N+](=O)O)C=C12|(3, 1);((1, 2), 2)","CC(C)(C)OC(=O)O[C:1](OC(C)(C)C)=[O:2].O=C1N[NH:3]C2=CC=C([N+](=O)O)C=C12|(3, 1);((1, 2), 2)|TH(1,'mix',())",CC(C)(C)OC(=O)[O:1][C:2](OC(C)(C)C)([NH+]1NC(=O)C2=CC([N+](=O)O)=CC=C21)[O-:3]
test,11066,0,added_mix,planar_to_tetrahedral,,"CC(C)(C)OC(=O)O[C:1](OC(C)(C)C)=[O:2].COC1=CC=C(C2=C[NH:3]N=C2C)C=C1Br|(3, 1);((1, 2), 2)","CC(C)(C)OC(=O)O[C:1](OC(C)(C)C)=[O:2].COC1=CC=C(C2=C[NH:3]N=C2C)C=C1Br|(3, 1);((1, 2), 2)|TH(1,'mix',())",COC1=CC=C(C2=C[NH+]([C:1](OC(C)(C)C)([O-:2])[O:3]C(=O)OC(C)(C)C)N=C2C)C=C1Br
test,11084,1,added_mix,planar_to_tetrahedral,,"CC(C)[Si](OC1=CC=C([CH:1]=[OH+:2])C=C1)(C(C)C)C(C)C.OCC[OH:3]|(3, 1);((1, 2), 2)","CC(C)[Si](OC1=CC=C([CH:1]=[OH+:2])C=C1)(C(C)C)C(C)C.OCC[OH:3]|(3, 1);((1, 2), 2)|TH(1,'mix',())",CC(C)[Si](OC1=CC=C(C([O+:1](CCO)[H:2])[OH:3])C=C1)(C(C)C)C(C)C
test,11084,4,added_mix,planar_to_tetrahedral,,"CC(C)[Si](OC1=CC=C([CH:1]=[O+:2]CC[OH:3])C=C1)(C(C)C)C(C)C|(3, 1);((1, 2), 2)","CC(C)[Si](OC1=CC=C([CH:1]=[O+:2]CC[OH:3])C=C1)(C(C)C)C(C)C|(3, 1);((1, 2), 2)|TH(1,'mix',())",CC(C)[Si](OC1=CC=C(C2OCC[O+:1]2[H:2])C=C1)(C(C)C)C(C)C
test,11100,2,added_mix,planar_to_tetrahedral,,"CC(C)N1N=C(C(=O)NCCN2CCC([NH2:1])CC2)C2=CC=CC=C21.OC12CC3CC(C1)CC([C:2](OC(=NC1CCCCC1)NC1CCCCC1)=[O:3])(C3)C2|(1, 2);((2, 3), 3)","CC(C)N1N=C(C(=O)NCCN2CCC([NH2:1])CC2)C2=CC=CC=C21.OC12CC3CC(C1)CC([C:2](OC(=NC1CCCCC1)NC1CCCCC1)=[O:3])(C3)C2|(1, 2);((2, 3), 3)|TH(2,'mix',())",CC(C)N1N=C(C(=O)NCCN2CCC([NH+:1](C([O-])(OC(NC3CCCCC3)=[N:2]C3CCCCC3)C34CC5CC(CC(O)(C5)C3)C4)[H:3])CC2)C2=C1C=CC=C2
test,1103,0,added_mix,planar_to_tetrahedral,,"CC(C1=CC=C2C(=O)C3=CC=CC=C3CCC2=C1)[C:1](Cl)=[O:2].C[NH2:3]|(3, 1);((1, 2), 2)","CC(C1=CC=C2C(=O)C3=CC=CC=C3CCC2=C1)[C:1](Cl)=[O:2].C[NH2:3]|(3, 1);((1, 2), 2)|TH(1,'mix',())",C[NH2+][C:1](C(C)C1=CC=C2C(=O)C3=CC=CC=C3CCC2=C1)([O-:2])[Cl:3]
test,11136,2,added_mix,planar_to_tetrahedral,,"CC(O)(C(F)(F)F)[C:1](OC(=NC1CCCCC1)NC1CCCCC1)=[O:2].COC1=CC=CC=C1S(=O)(=O)C1=CC=C([NH2:3])C=C1|(3, 1);((1, 2), 2)","CC(O)(C(F)(F)F)[C:1](OC(=NC1CCCCC1)NC1CCCCC1)=[O:2].COC1=CC=CC=C1S(=O)(=O)C1=CC=C([NH2:3])C=C1|(3, 1);((1, 2), 2)|TH(1,'mix',())",COC1=C(S(=O)(=O)C2=CC=C([NH+:1](C([O-])(OC(NC3CCCCC3)=[N:2]C3CCCCC3)C(C)(O)C(F)(F)F)[H:3])C=C2)C=CC=C1
test,11140,2,added_mix,planar_to_tetrahedral,,"C1=CC2=C(N=CS2)C(C[C:1](OC(=NC2CCCCC2)NC2CCCCC2)=[O:2])=C1.CCC(C(=O)OCC(C)C)[NH2:3]|(3, 1);((1, 2), 2)","C1=CC2=C(N=CS2)C(C[C:1](OC(=NC2CCCCC2)NC2CCCCC2)=[O:2])=C1.CCC(C(=O)OCC(C)C)[NH2:3]|(3, 1);((1, 2), 2)|TH(1,'mix',())",CCC(C(=O)OCC(C)C)[NH+:1](C([O-])(CC1=CC=CC2=C1N=CS2)OC(NC1CCCCC1)=[N:2]C1CCCCC1)[H:3]
test,11129,0,no_matching_mode,planar_to_tetrahedral,,"C[C:1](C1=CC=C(N)C(S(N)(=O)=O)=C1)=[O:2].[H:3][BH3-:4]|((4, 3), 1);((1, 2), 2)","C[C:1](C1=CC=C(N)C(S(N)(=O)=O)=C1)=[O:2].[H:3][BH3-:4]|((4, 3), 1);((1, 2), 2)",CC(C1=CC=C(N)C(S(N)(=O)=O)=C1)[O-:1].C[O:2][H:3]
test,11175,2,added_mix,planar_to_tetrahedral,,"C1C[NH:1]CCN1.ClC1=CC=C(C2=CN=CC3=CC=C([C:2](OC(=NC4CCCCC4)NC4CCCCC4)=[O:3])N=C32)C=C1|(1, 2);((2, 3), 3)","C1C[NH:1]CCN1.ClC1=CC=C(C2=CN=CC3=CC=C([C:2](OC(=NC4CCCCC4)NC4CCCCC4)=[O:3])N=C32)C=C1|(1, 2);((2, 3), 3)|TH(2,'mix',())",[O-]C(OC(NC1CCCCC1)=[N:1]C1CCCCC1)(C1=CC=C2C=NC=C(C3=CC=C(Cl)C=C3)C2=N1)[N+:2]1([H:3])CCNCC1
test,11192,2,added_mix,planar_to_tetrahedral,,"C1=CC=C(COC2=CC=C(C[C:1](OC(=NC3CCCCC3)NC3CCCCC3)=[O:2])C=C2)C=C1.CC(C)(C)C1=NOC([NH2:3])=C1|(3, 1);((1, 2), 2)","C1=CC=C(COC2=CC=C(C[C:1](OC(=NC3CCCCC3)NC3CCCCC3)=[O:2])C=C2)C=C1.CC(C)(C)C1=NOC([NH2:3])=C1|(3, 1);((1, 2), 2)|TH(1,'mix',())",CC(C)(C)C1=NOC([NH+:1](C([O-])(CC2=CC=C(OCC3=CC=CC=C3)C=C2)OC(NC2CCCCC2)=[N:2]C2CCCCC2)[H:3])=C1
test,11185,2,added_mix,planar_to_tetrahedral,,"C1=CC=C([NH2:1])C=C1.ClC[C:2](OC(=NC1CCCCC1)NC1CCCCC1)=[O:3]|(1, 2);((2, 3), 3)","C1=CC=C([NH2:1])C=C1.ClC[C:2](OC(=NC1CCCCC1)NC1CCCCC1)=[O:3]|(1, 2);((2, 3), 3)|TH(2,'mix',())",[O-]C(CCl)(OC(NC1CCCCC1)=[N:1]C1CCCCC1)[NH+:2](C1=CC=CC=C1)[H:3]
test,11216,0,added_mix,planar_to_tetrahedral,,"CC1=CN=C(N2CC[NH:1]CC2)C(C)=C1.CO[C:2](C1=CC=C(CN2CCCS2(=O)=O)N=C1)=[O:3]|(1, 2);((2, 3), 3)","CC1=CN=C(N2CC[NH:1]CC2)C(C)=C1.CO[C:2](C1=CC=C(CN2CCCS2(=O)=O)N=C1)=[O:3]|(1, 2);((2, 3), 3)|TH(2,'mix',())",CC1=CN=C(N2CC[NH+]([C:1](C3=CC=C(CN4CCCS4(=O)=O)N=C3)([O-:2])[O:3]C)CC2)C(C)=C1
test,11243,2,added_mix,planar_to_tetrahedral,,"COC(C[NH2:1])OC.COC1=CC=C(C[C:2](OC(=NC2CCCCC2)NC2CCCCC2)=[O:3])C=C1OC|(1, 2);((2, 3), 3)","COC(C[NH2:1])OC.COC1=CC=C(C[C:2](OC(=NC2CCCCC2)NC2CCCCC2)=[O:3])C=C1OC|(1, 2);((2, 3), 3)|TH(2,'mix',())",COC1=CC=C(CC([O-])(OC(NC2CCCCC2)=[N:1]C2CCCCC2)[NH+:2](CC(OC)OC)[H:3])C=C1OC
test,11248,0,no_matching_mode,planar_to_tetrahedral,,"NC(=O)NC1CCC[C:1](=[O:2])C2=C1C=CS2.[H:3][BH3-:4]|((4, 3), 1);((1, 2), 2)","NC(=O)NC1CCC[C:1](=[O:2])C2=C1C=CS2.[H:3][BH3-:4]|((4, 3), 1);((1, 2), 2)",C[O:1][H:2].NC(=O)NC1CCCC([O-:3])C2=C1C=CS2
test,11261,0,added_mix,planar_to_tetrahedral,,"Cl[C:1](OCC1=CC=CC=C1)=[O:2].O=C1C2=CC([NH2:3])=CN=C2N=CN1CC1=CC=C(Cl)C(Cl)=C1|(3, 1);((1, 2), 2)","Cl[C:1](OCC1=CC=CC=C1)=[O:2].O=C1C2=CC([NH2:3])=CN=C2N=CN1CC1=CC=C(Cl)C(Cl)=C1|(3, 1);((1, 2), 2)|TH(1,'mix',())",O=C1C2=CC([NH2+][C:1](OCC3=CC=CC=C3)([O-:2])[Cl:3])=CN=C2N=CN1CC1=CC=C(Cl)C(Cl)=C1
test,11311,2,added_mix,planar_to_tetrahedral,,"CC(C)(C)OC(=O)NCCC1CC[NH:1]CC1.ClC1=CC(Cl)=CC(C=C[C:2](OC(=NC2CCCCC2)NC2CCCCC2)=[O:3])=C1|(1, 2);((2, 3), 3)","CC(C)(C)OC(=O)NCCC1CC[NH:1]CC1.ClC1=CC(Cl)=CC(C=C[C:2](OC(=NC2CCCCC2)NC2CCCCC2)=[O:3])=C1|(1, 2);((2, 3), 3)|TH(2,'mix',())",CC(C)(C)OC(=O)NCCC1CC[N+:1](C([O-])(C=CC2=CC(Cl)=CC(Cl)=C2)OC(NC2CCCCC2)=[N:2]C2CCCCC2)([H:3])CC1
test,11326,0,added_mix,planar_to_tetrahedral,,"COC1=CC=C(OC2=NC=C(C3=CC=C(C(C)N4C(=O)C5=CC=CC=C5[C:1]4=[O:2])C=C3)S2)C=C1.N[NH2:3]|(3, 1);((1, 2), 2)","COC1=CC=C(OC2=NC=C(C3=CC=C(C(C)N4C(=O)C5=CC=CC=C5[C:1]4=[O:2])C=C3)S2)C=C1.N[NH2:3]|(3, 1);((1, 2), 2)|TH(1,'mix',())",COC1=CC=C(OC2=NC=C(C3=CC=C(C(C)[N:1]4C(=O)C5=CC=CC=C5[C:2]4([NH2+]N)[O-:3])C=C3)S2)C=C1
test,11326,3,added_mix,planar_to_tetrahedral,,"COC1=CC=C(OC2=NC=C(C3=CC=C(C(C)N[C:1](C4=CC=CC=C4C(=O)N[NH2:2])=[O:3])C=C3)S2)C=C1|(2, 1);((1, 3), 3)","COC1=CC=C(OC2=NC=C(C3=CC=C(C(C)N[C:1](C4=CC=CC=C4C(=O)N[NH2:2])=[O:3])C=C3)S2)C=C1|(2, 1);((1, 3), 3)|TH(1,'mix',())",COC1=CC=C(OC2=NC=C(C3=CC=C(C(C)[NH:1]C4([O-])C5=CC=CC=C5C(=O)N[NH+:2]4[H:3])C=C3)S2)C=C1
test,11344,2,added_mix,planar_to_tetrahedral,,"C1C[NH:1]CCO1.CC(C)=CCCC(C)=CCCC(=CCCC(C)=C[C:2](OC(=NC1CCCCC1)NC1CCCCC1)=[O:3])CO|(1, 2);((2, 3), 3)","C1C[NH:1]CCO1.CC(C)=CCCC(C)=CCCC(=CCCC(C)=C[C:2](OC(=NC1CCCCC1)NC1CCCCC1)=[O:3])CO|(1, 2);((2, 3), 3)|TH(2,'mix',())",CC(C)=CCCC(C)=CCCC(=CCCC(C)=CC([O-])(OC(NC1CCCCC1)=[N:1]C1CCCCC1)[N+:2]1([H:3])CCOCC1)CO
test,11336,0,added_mix,planar_to_tetrahedral,,"CCOC(=O)N1CC[NH:1]CC1.ClCCC[C:2](Cl)=[O:3]|(1, 2);((2, 3), 3)","CCOC(=O)N1CC[NH:1]CC1.ClCCC[C:2](Cl)=[O:3]|(1, 2);((2, 3), 3)|TH(2,'mix',())",CCOC(=O)N1CC[NH+]([C:1](CCCCl)([O-:2])[Cl:3])CC1
